,tweet_ids,tweets text,created_at,like_count,retweet_count,impression_count,tweet_url,username,followers,image,location,toenglish,sentiment,percent
0,1780865521757421645,"Lok Sabha Elections 2024 | ‡¶∞‡¶æ‡¶ú‚Äç‡ßç‡¶Ø‡¶™‡¶æ‡¶≤‡ßá‡¶∞ ‡¶¨‡¶ø‡¶∞‡ßÅ‡¶¶‡ßç‡¶ß‡ßá ‡¶ï‡¶Æ‡¶ø‡¶∂‡¶®‡ßá ‡¶Ö‡¶≠‡¶ø‡¶Ø‡ßã‡¶ó‡•§ ‡¶®‡¶ø‡¶∞‡ßç‡¶¨‡¶æ‡¶ö‡¶® ‡¶ï‡¶Æ‡¶ø‡¶∂‡¶®‡ßá ‡¶Ö‡¶≠‡¶ø‡¶Ø‡ßã‡¶ó ‡¶§‡ßÉ‡¶£‡¶Æ‡ßÇ‡¶≤‡ßá‡¶∞

‡¶¶‡ßá‡¶ñ‡ßÅ‡¶® ‡¶∞‡¶ø‡¶™‡¶æ‡¶¨‡¶≤‡¶ø‡¶ï ‡¶¨‡¶æ‡¶Ç‡¶≤‡¶æ üî¥LIVE: https://t.co/8dvXXs9OcX
.
.  
.
#loksabhaelection2024 #loksabhavote #loksabhaelection2024 #loksabhaelection #loksabha #election2024 #westbengalnews‚Ä¶ https://t.co/qYXf2He1US https://t.co/YFaUbhIDce",2024-04-18 07:46:41+00:00,0,0,2,https://twitter.com/twitter/status/1780865521757421645,BanglaRepublic,65065,https://pbs.twimg.com/profile_images/1359073684632133633/W2VxmONf_normal.jpg,"Kolkata, India","Lok Sabha Elections 2024 | Complaint against the Governor to the commission. Trinamool's complaints to the Election Commission

Watch Republic Bangla üî¥LIVE: https://t.co/8dvXXs9OcX
.
.
.
#loksabhaelection2024 #loksabhavote #loksabhaelection2024 #loksabhaelection #loksabha #election2024 #westbengalnews‚Ä¶ https://t.co/qYXf2He1US https://t.co/YFaUbhIDce",Neutral,82.1
1,1780865499829526981,"Lok Sabha Elections 2024 | ‡¶ï‡ßã‡¶ö‡¶¨‡¶ø‡¶π‡¶æ‡¶∞‡ßá‡¶∞ ‡¶≠‡ßã‡¶ü‡¶∏‡¶æ‡¶Æ‡¶ó‡ßç‡¶∞‡ßÄ ‡¶¨‡¶ø‡¶§‡¶∞‡¶£ ‡¶ï‡ßá‡¶®‡ßç‡¶¶‡ßç‡¶∞‡ßá ‡¶â‡¶§‡ßç‡¶§‡ßá‡¶ú‡¶®‡¶æ‡•§ ‡¶¶‡¶ø‡¶®‡¶π‡¶æ‡¶ü‡¶æ ‡¶ï‡¶≤‡ßá‡¶ú‡ßá ‡¶¨‡¶ø‡¶ï‡ßç‡¶∑‡ßã‡¶≠ ‡¶≠‡ßã‡¶ü‡¶ï‡¶∞‡ßç‡¶Æ‡ßÄ‡¶¶‡ßá‡¶∞

‡¶¶‡ßá‡¶ñ‡ßÅ‡¶® ‡¶∞‡¶ø‡¶™‡¶æ‡¶¨‡¶≤‡¶ø‡¶ï ‡¶¨‡¶æ‡¶Ç‡¶≤‡¶æ üî¥LIVE: https://t.co/8dvXXs9OcX
.
.  
.
#loksabhaelection2024 #loksabhavote #loksabhaelection2024 #loksabhaelection #loksabha #election2024‚Ä¶ https://t.co/KASPH5uiSp https://t.co/vW2H7cU6Lv",2024-04-18 07:46:36+00:00,0,0,5,https://twitter.com/twitter/status/1780865499829526981,BanglaRepublic,65065,https://pbs.twimg.com/profile_images/1359073684632133633/W2VxmONf_normal.jpg,"Kolkata, India","Lok Sabha Elections 2024 | Tension at Cooch Behar's voting material distribution centre. Voting workers protest at Dinhata College

Watch Republic Bangla üî¥LIVE: https://t.co/8dvXXs9OcX
.
.
.
#loksabhaelection2024 #loksabhavote #loksabhaelection2024 #loksabhaelection #loksabha #election2024‚Ä¶ https://t.co/KASPH5uiSp https://t.co/vW2H7cU6Lv",Neutral,55.35
2,1780864174488273111,"#Maharashtra's five #LokSabha seats are set to go to polls on April 19, with most constituencies expected to see a bipolar contest between the #NDA and MVA

#LokSabhaElections2024 

https://t.co/7n68thEJNZ",2024-04-18 07:41:20+00:00,0,0,199,https://twitter.com/twitter/status/1780864174488273111,business_today,1174010,https://pbs.twimg.com/profile_images/1491356486571753473/uWlrHIXO_normal.png,India,"#Maharashtra's five #LokSabha seats are set to go to polls on April 19, with most constituencies expected to see a bipolar contest between the #NDA and MVA

#LokSabhaElections2024 

https://t.co/7n68thEJNZ",Neutral,89.22
3,1780863697914892386,"Elections 2024: ‡§Ü‡§ö‡§æ‡§∞‡§∏‡§Ç‡§π‡§ø‡§§‡•á‡§ö‡•ç‡§Ø‡§æ ‡§ï‡§æ‡§≥‡§æ‡§§‡§ö ‡§â‡§™‡§Æ‡•Å‡§ñ‡•ç‡§Ø‡§Æ‡§Ç‡§§‡•ç‡§∞‡•Ä ‡§Ö‡§ú‡§ø‡§§ ‡§™‡§µ‡§æ‡§∞‡§æ‡§Ç‡§ö‡§Ç ‡§µ‡§æ‡§¶‡§ó‡•ç‡§∞‡§∏‡•ç‡§§ ‡§µ‡§ï‡•ç‡§§‡§µ‡•ç‡§Ø.

#AjitPawar #LokSabha #MaharashtraPolitics https://t.co/6vFTtDOenT",2024-04-18 07:39:27+00:00,0,0,4,https://twitter.com/twitter/status/1780863697914892386,VidarbhaaTimes,1160,https://pbs.twimg.com/profile_images/1770730214445785089/ZQjRXUcI_normal.jpg,Maharashtra,"Elections 2024: Deputy Chief Minister Ajit Pawar's controversial statement during the code of conduct.

#AjitPawar #LokSabha #MaharashtraPolitics https://t.co/6vFTtDOenT",Neutral,77.86999999999999
4,1780862999672054127,"Lok sabha Election 2024: ‡™®‡™µ‡™∏‡™æ‡™∞‡´Ä‡™Æ‡™æ‡™Ç ‡™∏‡´Ä‡™Ü‡™∞ ‡™™‡™æ‡™ü‡´Ä‡™≤‡´á ‡™ï‡™∞‡´ç‡™Ø‡´ã ‡™∞‡´ã‡™° ‡™∂‡´ã, ‡™Ü‡™ú‡´á ‡™®‡™π‡´Ä‡™Ç ‡™®‡´ã‡™Ç‡™ß‡™æ‡™µ‡´á ‡™â‡™Æ‡´á‡™¶‡™µ‡™æ‡™∞‡´Ä

#BJP #CRPatil #Navsari #navsarinews #LokSabhaElection2024 #LokSabha #Election2024 #LokSabhaElection #GujaratiNews 

https://t.co/HSKOHp3msp",2024-04-18 07:36:40+00:00,0,0,5,https://twitter.com/twitter/status/1780862999672054127,hardevrr,170,https://pbs.twimg.com/profile_images/1501797219053481986/mD7XtVMX_normal.jpg,"Ahmadabad City, India","Lok sabha Election 2024: CR Patil held a road show in Navsari, will not file his candidacy today

#BJP #CRPatil #Navsari #navsarinews #LokSabhaElection2024 #LokSabha #Election2024 #LokSabhaElection #GujaratiNews

https://t.co/HSKOHp3msp",Neutral,87.82
5,1780850645773557912,"RT @xpressandhra: #AndhraPradesh sees a wave of #medical professionals, including several #doctors, contesting in the upcoming #LokSabha &amp;‚Ä¶",2024-04-18 06:47:35+00:00,0,2,0,https://twitter.com/twitter/status/1780850645773557912,UshaPeri13,69,https://pbs.twimg.com/profile_images/1549638552870277121/e8Jik9NN_normal.jpg,"Vishakhapatnam, India","RT @xpressandhra: #AndhraPradesh sees a wave of #medical professionals, including several #doctors, contesting in the upcoming #LokSabha &amp;‚Ä¶",Neutral,57.089999999999996
6,1780849800998707419,"#LokSabhaElection2024: ‡§ó‡§¢‡§º‡§ö‡§ø‡§∞‡•å‡§≤‡•Ä ‡§ï‡•ã 19 ‡§Ö‡§™‡•ç‡§∞‡•à‡§≤ ‡§ï‡•ã ‡§Æ‡§§‡§¶‡§æ‡§® ‡§π‡•ã‡§ó‡§æ‡•§ ‡§á‡§∏ ‡§á‡§≤‡§æ‡§ï‡•á ‡§Æ‡•á‡§Ç ‡§∏‡§´‡§≤‡§§‡§æ‡§™‡•Ç‡§∞‡•ç‡§µ‡§ï ‡§Æ‡§§‡§¶‡§æ‡§® ‡§è‡§ï ‡§¨‡§°‡§º‡§æ ‡§ö‡•à‡§≤‡•á‡§Ç‡§ú ‡§∞‡§π‡§æ ‡§π‡•à‡•§ ‡§á‡§∏ ‡§¨‡§æ‡§∞ ‡§Æ‡§§‡§¶‡§æ‡§® ‡§ï‡•á ‡§≤‡§ø‡§è ‡§ï‡§ø‡§∏ ‡§§‡§∞‡§π ‡§ï‡•Ä ‡§§‡•à‡§Ø‡§æ‡§∞‡§ø‡§Ø‡§æ‡§Ç ‡§ï‡•Ä ‡§ó‡§à ‡§π‡•à‡§Ç, ‡§Ø‡§π ‡§ú‡§æ‡§®‡§®‡•á ‡§ï‡•á ‡§≤‡§ø‡§è ‡§™‡§¢‡§º‡•á‡§Ç ‡§Ø‡§π ‡§∞‡§ø‡§™‡•ã‡§∞‡•ç‡§ü...

https://t.co/jVr5WVN0gZ

#gadchiroli #Naxalites #loksabha #moneycontrol https://t.co/dkBODvG5nj",2024-04-18 06:44:13+00:00,0,0,55,https://twitter.com/twitter/status/1780849800998707419,MoneycontrolH,46036,https://pbs.twimg.com/profile_images/1158688637732585472/2zGxeAer_normal.png,Noida,"#LokSabhaElection2024: Gadchiroli will go to polls on April 19. Successful voting has been a big challenge in this area. Read this report to know what kind of preparations have been made for voting this time...

https://t.co/jVr5WVN0gZ

#gadchiroli #Naxalites #loksabha #moneycontrol https://t.co/dkBODvG5nj",Neutral,67.58999999999999
7,1780844252685095143,"RT @xpressandhra: #AndhraPradesh sees a wave of #medical professionals, including several #doctors, contesting in the upcoming #LokSabha &amp;‚Ä¶",2024-04-18 06:22:10+00:00,0,2,0,https://twitter.com/twitter/status/1780844252685095143,NewIndianXpress,489412,https://pbs.twimg.com/profile_images/1094836139217711105/gDLAVTWn_normal.jpg,Chennai,"RT @xpressandhra: #AndhraPradesh sees a wave of #medical professionals, including several #doctors, contesting in the upcoming #LokSabha &amp;‚Ä¶",Neutral,57.089999999999996
8,1780843541926908278,"#AndhraPradesh sees a wave of #medical professionals, including several #doctors, contesting in the upcoming #LokSabha &amp; #Assembly #elections

Compiled by @Guru_TNIE
@NewIndianXpress 
https://t.co/f0WZPchS93 https://t.co/iDLkzLi7sB",2024-04-18 06:19:21+00:00,4,2,303,https://twitter.com/twitter/status/1780843541926908278,xpressandhra,7518,https://pbs.twimg.com/profile_images/1193837091324485634/2rjx05Jh_normal.jpg,Vijayawada,"#AndhraPradesh sees a wave of #medical professionals, including several #doctors, contesting in the upcoming #LokSabha &amp; #Assembly #elections

Compiled by @Guru_TNIE
@NewIndianXpress 
https://t.co/f0WZPchS93 https://t.co/iDLkzLi7sB",Neutral,74.8
9,1780843258655932663,"‡¥à ‡¥≤‡µã‡¥ï‡µç‡¥∏‡¥≠‡¥æ ‡¥§‡¥ø‡¥∞‡¥û‡µç‡¥û‡µÜ‡¥ü‡µÅ‡¥™‡µç‡¥™‡¥ø‡µΩ 60,000 ‚Äì 70,000 ‡¥ï‡µã‡¥ü‡¥ø ‡¥∞‡µÇ‡¥™‡¥Ø‡µÜ‡¥ô‡µç‡¥ï‡¥ø‡¥≤‡µÅ‡¥Ç ‡¥ö‡µÜ‡¥≤‡¥µ‡¥¥‡¥ø‡¥ï‡µç‡¥ï‡¥™‡µç‡¥™‡µÜ‡¥ü‡µÅ‡¥Æ‡µÜ‡¥®‡µç‡¥®‡¥æ‡¥£‡µÅ ‡¥µ‡¥ø‡¥≤‡¥Ø‡¥ø‡¥∞‡µÅ‡¥§‡µç‡¥§‡µΩ...
#Election #expense #Loksabha
https://t.co/dx3pXFS3lF",2024-04-18 06:18:13+00:00,0,0,78,https://twitter.com/twitter/status/1780843258655932663,manoramaonline,246670,https://pbs.twimg.com/profile_images/1152137843843555329/briVvgnl_normal.png,"Kerala, INDIA","It is estimated that at least Rs 60,000-70,000 crore will be spent in this Lok Sabha election...
#Election #expense #Loksabha
https://t.co/dx3pXFS3lF",Neutral,92.17999999999999
10,1780838582174773679,"Lok Sabha Elections 2024: BJP ‡§ï‡•Ä 13‡§µ‡•Ä‡§Ç ‡§≤‡§ø‡§∏‡•ç‡§ü ‡§ú‡§æ‡§∞‡•Ä, ‡§®‡§æ‡§∞‡§æ‡§Ø‡§£ ‡§∞‡§æ‡§£‡•á ‡§ï‡•ã ‡§∞‡§§‡•ç‡§®‡§æ‡§ó‡§ø‡§∞‡•Ä ‡§∏‡•á ‡§ü‡§ø‡§ï‡§ü

@BJP4India #BJP #BJP4India #BjpCandidateList #Loksabha #LokSabhaElection2024 

https://t.co/Vc71OiR1AD",2024-04-18 05:59:39+00:00,0,0,31,https://twitter.com/twitter/status/1780838582174773679,newstrackmedia,6783,https://pbs.twimg.com/profile_images/1427595743024484356/2ZyqbDmF_normal.png,"Lucknow, India","Lok Sabha Elections 2024: BJP's 13th list released, Narayan Rane gets ticket from Ratnagiri

@BJP4India #BJP #BJP4India #BjpCandidateList #Loksabha #LokSabhaElection2024

https://t.co/Vc71OiR1AD",Neutral,93.96
11,1780838045849444684,"Nomination process for #AndhraPradesh elections starts today. Candidates for 175 #Assembly and 25 #LokSabha seats can be filed from 11 am to 3 pm

#ElectionsWithTNIE #AndhraPradeshElections2024
@NewIndianXpress 
https://t.co/qFJkai8k3w",2024-04-18 05:57:31+00:00,1,0,51,https://twitter.com/twitter/status/1780838045849444684,xpressandhra,7518,https://pbs.twimg.com/profile_images/1193837091324485634/2rjx05Jh_normal.jpg,Vijayawada,"Nomination process for #AndhraPradesh elections starts today. Candidates for 175 #Assembly and 25 #LokSabha seats can be filed from 11 am to 3 pm

#ElectionsWithTNIE #AndhraPradeshElections2024
@NewIndianXpress 
https://t.co/qFJkai8k3w",Neutral,95
12,1780834950624805301,"#Punjab #CM #BhagwantMann has said though #AAP's popularity is not captured in pre-poll #surveys, its actual performance helps the outfit directly form #government and asserted the #LokSabha #polls will deliver surprising results.

https://t.co/CH0Gmh8I5C",2024-04-18 05:45:13+00:00,2,0,282,https://twitter.com/twitter/status/1780834950624805301,DeccanHerald,110683,https://pbs.twimg.com/profile_images/1669631379473321984/8Q2QtPYc_normal.jpg,India,"#Punjab #CM #BhagwantMann has said though #AAP's popularity is not captured in pre-poll #surveys, its actual performance helps the outfit directly form #government and asserted the #LokSabha #polls will deliver surprising results.

https://t.co/CH0Gmh8I5C",Positive,54.55
13,1780834290202513410,"As we enjoy our rights, so must we do our duty towards our country. On Friday, the 19th of April 2024, do not forget to cast your vote in the 2024 Lok Sabha Elections.
#Elections2024 #LokSabha #Democracy #DutyToTheNation https://t.co/KmRt2Xs1Qb",2024-04-18 05:42:35+00:00,0,0,11,https://twitter.com/twitter/status/1780834290202513410,MVMMogappair,19,https://pbs.twimg.com/profile_images/1484108035593469952/PfjhEMJn_normal.png,"Nolambur, Chennai, India","As we enjoy our rights, so must we do our duty towards our country. On Friday, the 19th of April 2024, do not forget to cast your vote in the 2024 Lok Sabha Elections.
#Elections2024 #LokSabha #Democracy #DutyToTheNation https://t.co/KmRt2Xs1Qb",Positive,61.839999999999996
14,1780833825548816602,Don't miss out on the first phase of the Lok Sabha elections in India! 102 constituencies in 21 states will vote on April 19. Get all the details on who votes and what's at stake in our latest blog post: https://t.co/wFaVOxpVhk. #IndiaElections #LokSabha https://t.co/CBShfeUJkU,2024-04-18 05:40:44+00:00,0,0,5,https://twitter.com/twitter/status/1780833825548816602,TOPXNews,260,https://pbs.twimg.com/profile_images/1685059312228446208/3zeHuvXI_normal.jpg,"Manchester, England",Don't miss out on the first phase of the Lok Sabha elections in India! 102 constituencies in 21 states will vote on April 19. Get all the details on who votes and what's at stake in our latest blog post: https://t.co/wFaVOxpVhk. #IndiaElections #LokSabha https://t.co/CBShfeUJkU,Neutral,96.93
15,1780822061679563156,"Lok Sabha Elections 2024: As political war intensifies, @Google emerges as the real winner.
Tech giant earned Rs 135 crore since January this year through political advertising alone, even before polls.

#e4m #LokSabha #Elections2024 #Google #Advertising 
https://t.co/nb7EEjK5MD",2024-04-18 04:54:00+00:00,0,0,81,https://twitter.com/twitter/status/1780822061679563156,e4mtweets,36361,https://pbs.twimg.com/profile_images/1470401262290026499/IZNgrrgR_normal.jpg,Mumbai,"Lok Sabha Elections 2024: As political war intensifies, @Google emerges as the real winner.
Tech giant earned Rs 135 crore since January this year through political advertising alone, even before polls.

#e4m #LokSabha #Elections2024 #Google #Advertising 
https://t.co/nb7EEjK5MD",Positive,41.32
16,1780816975486402987,Election Commission issues #notice for the fourth phase of  #LokSabha elections 2024 on Thursday for 10 states.,2024-04-18 04:33:47+00:00,0,0,75,https://twitter.com/twitter/status/1780816975486402987,uniindianews,6633,https://pbs.twimg.com/profile_images/1463518882547712003/BAS7Mzuw_normal.jpg,"New Delhi, India",Election Commission issues #notice for the fourth phase of  #LokSabha elections 2024 on Thursday for 10 states.,Neutral,93.31
17,1780789309047800013,"#LokSabhaElections2024 : BJP ‡§ï‡•á ‡§ñ‡§ø‡§≤‡§æ‡§´ ‡§ö‡•Å‡§®‡§æ‡§µ ‡§≤‡§°‡§º‡§®‡•á ‡§∏‡•á '‡§ù‡§ø‡§ù‡§ï' ‡§∞‡§π‡•á ‡§π‡•à‡§Ç ‡§∞‡§æ‡§π‡•Å‡§≤ ‡§ó‡§æ‡§Ç‡§ß‡•Ä, ‡§ó‡•Å‡§≤‡§æ‡§Æ ‡§®‡§¨‡•Ä ‡§Ü‡§ú‡§æ‡§¶ ‡§®‡•á ‡§∏‡§æ‡§ß‡§æ ‡§®‡§ø‡§∂‡§æ‡§®‡§æ
@RahulGandhi @BJP4India @ghulamnazad 

#GulamNabiAzad #rahulgandhi #loksabha #BJP #congress #latestnews #moneycontrol

https://t.co/FlAEYEWaeN",2024-04-18 02:43:51+00:00,1,0,122,https://twitter.com/twitter/status/1780789309047800013,MoneycontrolH,46036,https://pbs.twimg.com/profile_images/1158688637732585472/2zGxeAer_normal.png,Noida,"#LokSabhaElections2024: Rahul Gandhi is 'hesitating' to contest elections against BJP, Ghulam Nabi Azad targeted
@RahulGandhi @BJP4India @ghulamnazad

#GulamNabiAzad #rahulgandhi #loksabha #BJP #congress #latestnews #moneycontrol

https://t.co/FlAEYEWaeN",Negative,60.38
18,1780777603592233004,"Lok Sabha Elections 2024: ‡§™‡§Ç‡§§‡§™‡•ç‡§∞‡§ß‡§æ‡§® ‡§Æ‡•ã‡§¶‡•Ä‡§Ç‡§®‡•Ä ‡§∏‡§∞‡•ç‡§µ ‡§â‡§Æ‡•á‡§¶‡§µ‡§æ‡§∞‡§æ‡§Ç‡§®‡§æ ‡§¶‡§ø‡§≤‡§Ç ‡§µ‡§ø‡§ú‡§Ø‡§æ‡§ö‡§Ç ‡§Ü‡§∂‡•ç‡§µ‡§æ‡§∏‡§®; ‡§≠‡§æ‡§ú‡§™ ‡§Ü‡§£‡§ø NDA ‡§Ü‡§ò‡§æ‡§°‡•Ä‡§§‡•Ä‡§≤ ‡§Æ‡§ø‡§§‡•ç‡§∞‡§™‡§ï‡•ç‡§∑‡§æ‡§Ç‡§ö‡•ç‡§Ø‡§æ ‡§â‡§Æ‡•á‡§¶‡§µ‡§æ‡§∞‡§æ‡§Ç‡§®‡§æ ‡§≤‡§ø‡§π‡§ø‡§≤‡§Ç ‡§™‡§§‡•ç‡§∞

https://t.co/eoND8TNd5N

#pmmodi #loksabha #modiletter #election #saamtv #saamdigital",2024-04-18 01:57:20+00:00,0,0,258,https://twitter.com/twitter/status/1780777603592233004,saamTVnews,220153,https://pbs.twimg.com/profile_images/1519580059010355200/YXixy6vR_normal.jpg,"Belapur, Navi Mumbai","Lok Sabha Elections 2024: PM Modi assured victory to all candidates; A letter written to the candidates of allies in BJP and NDA alliance

https://t.co/eoND8TNd5N

#pmmodi #loksabha #modiletter #election #saamtv #saamdigital",Positive,56.21000000000001
19,1780699596559454223,"RT @fpjindia: Lok Sabha Elections 2024: Fear Grips Pilibhit Villages As Tigers Disrupt Electoral Process
#LokSabhaElections2024 #LokSabha #‚Ä¶",2024-04-17 20:47:22+00:00,0,1,0,https://twitter.com/twitter/status/1780699596559454223,21SHAIKHS,60,https://pbs.twimg.com/profile_images/1704977080964808704/ImfyosIt_normal.jpg,,"RT @fpjindia: Lok Sabha Elections 2024: Fear Grips Pilibhit Villages As Tigers Disrupt Electoral Process
#LokSabhaElections2024 #LokSabha #‚Ä¶",Negative,68.33
20,1780661143331278917,"RT @AllinoneTrendz: Lok Sabha elections 2024: Rage to be seen
#loksabha #rajyasabha #loksabhaelections #loksabha2019 #electioninindia #indi‚Ä¶",2024-04-17 18:14:34+00:00,0,2,0,https://twitter.com/twitter/status/1780661143331278917,rajawat2003,25,https://pbs.twimg.com/profile_images/1714541480587788288/MmvLwqB4_normal.png,,"RT @AllinoneTrendz: Lok Sabha elections 2024: Rage to be seen
#loksabha #rajyasabha #loksabhaelections #loksabha2019 #electioninindia #indi‚Ä¶",Negative,71.98
21,1780648997855646174,"#MansoorAliKhan Hospitalised While Campaigning for #LokSabha #2024Elections in #Vellore, Admitted in ICU

#South #Celebrity 

https://t.co/zswsf32XFb",2024-04-17 17:26:18+00:00,1,0,682,https://twitter.com/twitter/status/1780648997855646174,latestly,74919,https://pbs.twimg.com/profile_images/950961428181037056/pXvuVpuy_normal.jpg,"Mumbai, India","#MansoorAliKhan Hospitalised While Campaigning for #LokSabha #2024Elections in #Vellore, Admitted in ICU

#South #Celebrity 

https://t.co/zswsf32XFb",Neutral,94.43
22,1780632293477925229,"Lok Sabha Elections 2024: Fear Grips Pilibhit Villages As Tigers Disrupt Electoral Process
#LokSabhaElections2024 #LokSabha #Elections #Pilibhit #Tiger 
https://t.co/5nrWUXAeUz",2024-04-17 16:19:55+00:00,4,1,220,https://twitter.com/twitter/status/1780632293477925229,fpjindia,48228,https://pbs.twimg.com/profile_images/1619668383720669184/X3qS4x9R_normal.jpg,India,"Lok Sabha Elections 2024: Fear Grips Pilibhit Villages As Tigers Disrupt Electoral Process
#LokSabhaElections2024 #LokSabha #Elections #Pilibhit #Tiger
https://t.co/5nrWUXAeUz",Negative,65.86
23,1780601267603280258,"@AITCofficial released their Manifesto for the 2024 Lok Sabha Elections.

@MamataOfficial
@BanglarGorboMB @abhishekaitc
@ShatruganSinha @GhatakMoloy
#MamataBanerjee #AbhishekBanerjee #LokSabhaElection2024 #LokasabhaElection2024 #LokSabhaElections2024 #LokSabhaElections #LokSabha https://t.co/yKIfpLF0ph",2024-04-17 14:16:38+00:00,0,0,6,https://twitter.com/twitter/status/1780601267603280258,anuvhab007,15,https://pbs.twimg.com/profile_images/1766931401168064512/i26-pW2k_normal.jpg,,"@AITCofficial released their Manifesto for the 2024 Lok Sabha Elections.

@MamataOfficial
@BanglarGorboMB @abhishekaitc
@ShatruganSinha @GhatakMoloy
#MamataBanerjee #AbhishekBanerjee #LokSabhaElection2024 #LokasabhaElection2024 #LokSabhaElections2024 #LokSabhaElections #LokSabha https://t.co/yKIfpLF0ph",Neutral,87.37
24,1780599250327601554,RT @ukhrultimes: Global #Kuki-#Zomi-#Hmar Women Community of Manipur a group of prominent figures representing the women community of #Mani‚Ä¶,2024-04-17 14:08:37+00:00,0,17,0,https://twitter.com/twitter/status/1780599250327601554,HemminlalM47436,4,https://pbs.twimg.com/profile_images/1746143814832517120/DL-M4FZC_normal.png,,RT @ukhrultimes: Global #Kuki-#Zomi-#Hmar Women Community of Manipur a group of prominent figures representing the women community of #Mani‚Ä¶,Neutral,84.59
25,1780589529629687909,"As India gets ready to vote for the 2024 Lok Sabha polls, here is a snapshot of the financial background of the candidates contesting in Phase II.

#Elections #Loksabha #PhaseII https://t.co/BicevheyGE",2024-04-17 13:30:00+00:00,0,0,29,https://twitter.com/twitter/status/1780589529629687909,outlookbusiness,1040,https://pbs.twimg.com/profile_images/1679468955470274560/8LMAmwsP_normal.jpg,,"As India gets ready to vote for the 2024 Lok Sabha polls, here is a snapshot of the financial background of the candidates contesting in Phase II.

#Elections #Loksabha #PhaseII https://t.co/BicevheyGE",Neutral,96.63000000000001
26,1780578511843205422,"‡§Ü‡§¶‡§∞‡•ç‡§∂ ‡§Ü‡§ö‡§æ‡§∞‡§∏‡§Ç‡§π‡§ø‡§§‡•á‡§ö‡•ç‡§Ø‡§æ ‡§™‡§æ‡§≤‡§®‡§æ‡§∏‡§æ‡§†‡•Ä ‡§∏‡§∞‡•ç‡§µ ‡§∏‡§Æ‡§ø‡§§‡•ç‡§Ø‡§æ‡§Ç‡§®‡•Ä ‡§∏‡§Æ‡§®‡•ç‡§µ‡§Ø‡§æ‡§®‡•á ‡§ï‡§æ‡§Æ ‡§ï‡§∞‡§£‡•á ‡§ó‡§∞‡§ú‡•á‡§ö‡•á ‡§Ü‡§π‡•á.‡§Ö‡§∏‡•á ‡§§‡§π‡§∏‡•Ä‡§≤‡§¶‡§æ‡§∞ ‡§ú‡•ç‡§Ø‡•ã‡§§‡•Ä ‡§¶‡•á‡§µ‡§∞‡•á ‡§Ø‡§æ‡§Ç‡§®‡•Ä ‡§™‡•ç‡§∞‡§§‡§ø‡§™‡§æ‡§¶‡§® ‡§ï‡•á‡§≤‡•á.
@CEO_Maharashtra 
#Loksabha elections  2024
#pu https://t.co/ywrEOgWTzu",2024-04-17 12:46:13+00:00,0,0,15,https://twitter.com/twitter/status/1780578511843205422,214Pune,15,https://pbs.twimg.com/profile_images/1551951942204932096/DsLSGLBX_normal.jpg,,"It is necessary for all the committees to work in coordination to follow the ideal code of conduct. Tehsildar Jyoti Devare asserted.
@CEO_Maharashtra
#Loksabha elections 2024
#pu https://t.co/ywrEOgWTzu",Neutral,52.739999999999995
27,1780569397108654232,"#MiddayNews   |

Lok Sabha elections 2024: INDIA bloc will win all seven LS seats in Delhi, says AAP leader Sanjay Singh

#LokSabhaElection2024 #India #Delhi #Loksabha #AAP #SanjaySingh #NewsUpdate 

https://t.co/QCkqmYb2ae",2024-04-17 12:10:00+00:00,0,0,249,https://twitter.com/twitter/status/1780569397108654232,mid_day,683211,https://pbs.twimg.com/profile_images/803546826456502272/_y6eQCZD_normal.jpg,"Mumbai, India","#MiddayNews   |

Lok Sabha elections 2024: INDIA bloc will win all seven LS seats in Delhi, says AAP leader Sanjay Singh

#LokSabhaElection2024 #India #Delhi #Loksabha #AAP #SanjaySingh #NewsUpdate 

https://t.co/QCkqmYb2ae",Neutral,91.66
28,1780543988740538389,"Just In | #WestBengal Chief Minister Mamata Banerjee-led Trinamool Congress (#TMC) on Wednesday released their manifesto for the upcoming #LokSabha polls.

https://t.co/stcu6RKm6E",2024-04-17 10:29:02+00:00,0,0,458,https://twitter.com/twitter/status/1780543988740538389,DeccanHerald,110683,https://pbs.twimg.com/profile_images/1669631379473321984/8Q2QtPYc_normal.jpg,India,"Just In | #WestBengal Chief Minister Mamata Banerjee-led Trinamool Congress (#TMC) on Wednesday released their manifesto for the upcoming #LokSabha polls.

https://t.co/stcu6RKm6E",Neutral,96.39
29,1780543389076963544,#Congress president @kharge approves the proposal for constitution of #Odisha PCC Election Management Committee for ensuing General elections to #LokSabha and Odisha Legislative Assembly ‚Äì 2024 with immediate effect. #MallikarjunKharge https://t.co/ICdHB0YmNf,2024-04-17 10:26:39+00:00,0,0,32,https://twitter.com/twitter/status/1780543389076963544,in_theprocessor,6116,https://pbs.twimg.com/profile_images/1629015587149021184/e0KxUWWE_normal.jpg,New Delhi,#Congress president @kharge approves the proposal for constitution of #Odisha PCC Election Management Committee for ensuing General elections to #LokSabha and Odisha Legislative Assembly ‚Äì 2024 with immediate effect. #MallikarjunKharge https://t.co/ICdHB0YmNf,Neutral,83.49
30,1780500347468804200,"‡∞π‡±à‡∞¶‡∞∞‡∞æ‡∞¨‡∞æ‡∞¶‡±ç‚Äå ‡∞≤‡±ã‡∞ï‡±ç‚Äã‡∞∏‡∞≠ ‡∞é‡∞®‡±ç‡∞®‡∞ø‡∞ï‡∞≤ ‡∞™‡±ã‡∞≤‡∞ø‡∞Ç‡∞ó‡±ç‚Äå‡∞™‡±à ‡∞à‡∞∏‡±Ä ‡∞™‡±ç‡∞∞‡∞§‡±ç‡∞Ø‡±á‡∞ï ‡∞¶‡±É‡∞∑‡±ç‡∞ü‡∞ø - ‡∞ì‡∞ü‡∞ø‡∞Ç‡∞ó‡±ç‚Äå ‡∞∂‡∞æ‡∞§‡∞Ç ‡∞™‡±Ü‡∞Ç‡∞ö‡±á‡∞≤‡∞æ ‡∞ö‡∞∞‡±ç‡∞Ø‡∞≤‡±Å - Lok Sabha Elections 2024

#loksabha #loksabha2024 #loksabhaelections2024 

https://t.co/k8s6PqjziL",2024-04-17 07:35:37+00:00,0,0,9,https://twitter.com/twitter/status/1780500347468804200,ETVBharat_ts,424,https://pbs.twimg.com/profile_images/1207134603204366336/p4linmf5_normal.jpg,Ramoji film city,"EC Special Focus on Hyderabad Lok Sabha Elections Polling - Measures to Increase Voting Percentage - Lok Sabha Elections 2024

#loksabha #loksabha2024 #loksabhaelections2024

https://t.co/k8s6PqjziL",Neutral,95.17999999999999
31,1780488367253213395,"Lok Sabha Elections 2024: X restrains political posts at EC's behest.
These posts have been withheld for violating the poll code which came into effect when the Lok Sabha election schedule was announced.

#e4m #LokSabha #Elections2024  #News
https://t.co/MCei0ikR9s",2024-04-17 06:48:01+00:00,0,0,95,https://twitter.com/twitter/status/1780488367253213395,e4mtweets,36361,https://pbs.twimg.com/profile_images/1470401262290026499/IZNgrrgR_normal.jpg,Mumbai,"Lok Sabha Elections 2024: X restrains political posts at EC's behest.
These posts have been withheld for violating the poll code which came into effect when the Lok Sabha election schedule was announced.

#e4m #LokSabha #Elections2024  #News
https://t.co/MCei0ikR9s",Neutral,62.11
32,1780467349453410357,"News Live Updates: ‡™ï‡´á‡™µ‡´Å‡™Ç ‡™∞‡™π‡´á‡™∂‡´á ‡™Æ‡´Å‡™Ç‡™¨‡™à‡™®‡´Å‡™Ç ‡™Ü‡™ú‡™®‡´Å‡™Ç ‡™π‡™µ‡™æ‡™Æ‡™æ‡™®?

#middaynews #middaygujarati #mumbai #Mumbainews #mahaarshtra #gujarat #loksabha #rammandir #elections #news 

https://t.co/oCARFcEbYR",2024-04-17 05:24:30+00:00,0,0,45,https://twitter.com/twitter/status/1780467349453410357,middaygujarati,4032,https://pbs.twimg.com/profile_images/1088024627362721793/JwtGr-YJ_normal.jpg,"Mumbai, India","News Live Updates: How will Mumbai's weather be today?

#middaynews #middaygujarati #mumbai #Mumbainews #mahaarshtra #gujarat #loksabha #rammandir #elections #news

https://t.co/oCARFcEbYR",Neutral,96.96000000000001
33,1780433862952161507,"LOKSABHA ELECTIONS 2024: ‡§Ü‡§ú ‡§∏‡•á ‡§•‡§Æ ‡§ú‡§æ‡§è‡§ó‡§æ ‡§ö‡•Å‡§®‡§æ‡§µ ‡§™‡•ç‡§∞‡§ö‡§æ‡§∞, 19 ‡§Ö‡§™‡•ç‡§∞‡•à‡§≤ ‡§ï‡•ã ‡§π‡•ã‡§ó‡•Ä ‡§´‡§∞‡•ç‡§∏‡•ç‡§ü ‡§´‡•á‡§ú ‡§ï‡•Ä ‡§µ‡•ã‡§ü‡§ø‡§Ç‡§ó

#loksabhaelection2024 #loksabha #madhyapradeshnews #mpnews #bansalnewsmpcg #latestnews #mpnews #loksabhaelections #firstphasevoting https://t.co/ovcSIGK87H",2024-04-17 03:11:26+00:00,0,0,87,https://twitter.com/twitter/status/1780433862952161507,BansalNewsMPCG,71968,https://pbs.twimg.com/profile_images/1746906578627047424/74NNucaO_normal.png,Bhopal (Madhya Pradesh),"LOKSABHA ELECTIONS 2024: Election campaign will stop from today, first phase voting will be held on April 19

#loksabhaelection2024 #loksabha #madhyapradeshnews #mpnews #bansalnewsmpcg #latestnews #mpnews #loksabhaelections #firstphasevoting https://t.co/ovcSIGK87H",Neutral,97.02
34,1780406696437039516,RT @GoodNewsToday: Loksabha Elections 2024: '‡§≤‡§°‡§º‡§ï‡•Ä ‡§¨‡•ç‡§Ø‡•Ç‡§ü‡•Ä‡§´‡•Å‡§≤ ‡§ï‡§∞ ‡§ó‡§à ‡§ö‡•Å‡§≤' ‡§ó‡§æ‡§®‡§æ ‡§ó‡§æ‡§®‡•á ‡§µ‡§æ‡§≤‡•á ‡§´‡•á‡§Æ‡§∏ ‡§∏‡§ø‡§Ç‡§ó‡§∞ ‡§´‡§æ‡§ú‡§ø‡§≤‡§™‡•Å‡§∞‡§ø‡§Ø‡§æ ‡§ï‡•ã JJP ‡§®‡•á ‡§¶‡§ø‡§Ø‡§æ ‡§ü‡§ø‡§ï‡§ü...‡§ï‡•ã‡§¨‡§∞‡§æ‚Ä¶,2024-04-17 01:23:29+00:00,0,1,0,https://twitter.com/twitter/status/1780406696437039516,pardeepdhanwapr,10500,https://pbs.twimg.com/profile_images/1774497803236261888/fSFBRTCA_normal.jpg,"Gurgaon, India","RT @GoodNewsToday: Loksabha Elections 2024: JJP gave ticket to famous singer Fazilpuriya, who sang the song 'Ladki Beautiful Kar Gayi Chul'...Cobra‚Ä¶",Positive,37.18
35,1780406300964524115,"RT @IndiaDLive: ‡§ö‡•Å‡§®‡§æ‡§µ ‡§∏‡•á ‡§™‡§π‡§≤‡•á ‡§∞‡§æ‡§Æ ‡§ï‡•Ä ‡§Ø‡§æ‡§¶, ‡§π‡§ø‡§Ç‡§¶‡•Ç ‡§ï‡•ã ‡§¨‡§§‡§æ‡§Ø‡§æ ‡§¨‡§°‡§º‡§æ ‡§≠‡§æ‡§à, ‡§à‡§¶ ‡§ï‡•á ‡§¶‡§ø‡§® ‡§á‡§Æ‡§∞‡§æ‡§® ‡§Æ‡§∏‡•Ç‡§¶ ‡§®‡•á ‡§ï‡•ç‡§Ø‡•ã‡§Ç ‡§¶‡•Ä ‡§≠‡§ó‡§µ‡§æ‡§® ‡§ï‡•Ä ‡§¶‡•Å‡§π‡§æ‡§à

#ImranMasood  #Ram #Imr‚Ä¶",2024-04-17 01:21:55+00:00,0,1,0,https://twitter.com/twitter/status/1780406300964524115,Gauravsaininew1,521,https://pbs.twimg.com/profile_images/1534237407838556160/MpJuhBvh_normal.jpg,Saharanpur,"RT @IndiaDLive: Remembered Ram before elections, told Hindu as elder brother, why did Imran Masood appeal to God on the day of Eid?

#ImranMasood #Ram #Imr‚Ä¶",Negative,64.39
36,1780347937966715184,"‡§ö‡•Å‡§®‡§æ‡§µ ‡§∏‡•á ‡§™‡§π‡§≤‡•á ‡§∞‡§æ‡§Æ ‡§ï‡•Ä ‡§Ø‡§æ‡§¶, ‡§π‡§ø‡§Ç‡§¶‡•Ç ‡§ï‡•ã ‡§¨‡§§‡§æ‡§Ø‡§æ ‡§¨‡§°‡§º‡§æ ‡§≠‡§æ‡§à, ‡§à‡§¶ ‡§ï‡•á ‡§¶‡§ø‡§® ‡§á‡§Æ‡§∞‡§æ‡§® ‡§Æ‡§∏‡•Ç‡§¶ ‡§®‡•á ‡§ï‡•ç‡§Ø‡•ã‡§Ç ‡§¶‡•Ä ‡§≠‡§ó‡§µ‡§æ‡§® ‡§ï‡•Ä ‡§¶‡•Å‡§π‡§æ‡§à

#ImranMasood  #Ram #ImranMasood #ImranMasood  #Saharanpur #loksabha #congresscandidate  #IndiaDailyLive 

https://t.co/YCbClCYmym",2024-04-16 21:30:00+00:00,1,1,60,https://twitter.com/twitter/status/1780347937966715184,IndiaDLive,7023,https://pbs.twimg.com/profile_images/1677333960882266113/tIIDo83D_normal.jpg,Noida,"Remembering Ram before elections, told Hindu as elder brother, why did Imran Masood call upon God on the day of Eid?

#ImranMasood #Ram #ImranMasood #ImranMasood #Saharanpur #loksabha #congresscandidate #IndiaDailyLive

https://t.co/YCbClCYmym",Negative,60.45
37,1780303891768451481,"RT @Outlookindia: OutlookMagazine | As the #BJP completes its 44 years on April 6, 2024, just a few days ahead of the upcoming #LokSabha el‚Ä¶",2024-04-16 18:34:58+00:00,0,2,0,https://twitter.com/twitter/status/1780303891768451481,ShadmaTahseen,5671,https://pbs.twimg.com/profile_images/1501704958181261321/MXQWlCfL_normal.jpg,,"RT @Outlookindia: OutlookMagazine | As the #BJP completes its 44 years on April 6, 2024, just a few days ahead of the upcoming #LokSabha el‚Ä¶",Neutral,87.6
38,1780303520828367298,"RT @Outlookindia: OutlookMagazine | As the #BJP completes its 44 years on April 6, 2024, just a few days ahead of the upcoming #LokSabha el‚Ä¶",2024-04-16 18:33:30+00:00,0,2,0,https://twitter.com/twitter/status/1780303520828367298,TrinetranandaS,498,https://pbs.twimg.com/profile_images/1638587757592481793/9WWMJrsC_normal.jpg,,"RT @Outlookindia: OutlookMagazine | As the #BJP completes its 44 years on April 6, 2024, just a few days ahead of the upcoming #LokSabha el‚Ä¶",Neutral,87.6
39,1780303183291572711,"Loksabha Elections 2024: '‡§≤‡§°‡§º‡§ï‡•Ä ‡§¨‡•ç‡§Ø‡•Ç‡§ü‡•Ä‡§´‡•Å‡§≤ ‡§ï‡§∞ ‡§ó‡§à ‡§ö‡•Å‡§≤' ‡§ó‡§æ‡§®‡§æ ‡§ó‡§æ‡§®‡•á ‡§µ‡§æ‡§≤‡•á ‡§´‡•á‡§Æ‡§∏ ‡§∏‡§ø‡§Ç‡§ó‡§∞ ‡§´‡§æ‡§ú‡§ø‡§≤‡§™‡•Å‡§∞‡§ø‡§Ø‡§æ ‡§ï‡•ã JJP ‡§®‡•á ‡§¶‡§ø‡§Ø‡§æ ‡§ü‡§ø‡§ï‡§ü...‡§ï‡•ã‡§¨‡§∞‡§æ ‡§ï‡§æ‡§Ç‡§° ‡§Æ‡•á‡§Ç ‡§Ü‡§Ø‡§æ ‡§•‡§æ ‡§®‡§æ‡§Æ

#Loksabha #Election #JJP #fazilpuria
 https://t.co/e8y4aXpCNC",2024-04-16 18:32:09+00:00,0,1,135,https://twitter.com/twitter/status/1780303183291572711,GoodNewsToday,45997,https://pbs.twimg.com/profile_images/1433096767457751041/muJdGLYH_normal.jpg,"Noida, India","Loksabha Elections 2024: JJP gave ticket to famous singer Fazilpuriya, who sang the song 'Ladki Beautiful Kar Gayi Chul'... His name came in the Cobra incident.

#Loksabha #Election #JJP #fazilpuria
 https://t.co/e8y4aXpCNC",Positive,61.12
40,1780302639617724747,"OutlookMagazine | As the #BJP completes its 44 years on April 6, 2024, just a few days ahead of the upcoming #LokSabha elections, it‚Äôs crucial to examine its #journey.

Abhik Bhattacharya writes 

https://t.co/a9FaQPi7el",2024-04-16 18:30:00+00:00,2,2,564,https://twitter.com/twitter/status/1780302639617724747,Outlookindia,240346,https://pbs.twimg.com/profile_images/1573684798463545345/B2RWtFVX_normal.jpg,"Delhi, India","OutlookMagazine | As the #BJP completes its 44 years on April 6, 2024, just a few days ahead of the upcoming #LokSabha elections, it‚Äôs crucial to examine its #journey.

Abhik Bhattacharya writes 

https://t.co/a9FaQPi7el",Neutral,90.81
41,1780290748526817544,"RT @AllinoneTrendz: Lok Sabha elections 2024: Rage to be seen
#loksabha #rajyasabha #loksabhaelections #loksabha2019 #electioninindia #indi‚Ä¶",2024-04-16 17:42:45+00:00,0,2,0,https://twitter.com/twitter/status/1780290748526817544,sandy_eep0,61,https://pbs.twimg.com/profile_images/1710562881610096640/hCyF6RBE_normal.jpg,India,"RT @AllinoneTrendz: Lok Sabha elections 2024: Rage to be seen
#loksabha #rajyasabha #loksabhaelections #loksabha2019 #electioninindia #indi‚Ä¶",Negative,71.98
42,1780287261608943689,"#AAP has listed its jailed leaders #ArvindKejriwal, #ManishSisodia, and #SatyendarJain among the 40 star campaigners for the #LokSabha seats in #Gujaratüó≥Ô∏è

Read to know moreüëá
https://t.co/1ef86hHPq0

#LokSabhaElection2024 #AtishiMarlena #INDIAlliance",2024-04-16 17:28:53+00:00,3,0,2862,https://twitter.com/twitter/status/1780287261608943689,moneycontrolcom,1442709,https://pbs.twimg.com/profile_images/841519699632447488/ea4043nJ_normal.jpg,Mumbai,"#AAP has listed its jailed leaders #ArvindKejriwal, #ManishSisodia, and #SatyendarJain among the 40 star campaigners for the #LokSabha seats in #Gujaratüó≥Ô∏è

Read to know moreüëá
https://t.co/1ef86hHPq0

#LokSabhaElection2024 #AtishiMarlena #INDIAliance",Neutral,95.85000000000001
43,1780257283282530693,RT @kochattil: #CPM in it's manifesto for the 2024 Lok Sabha polls says that it will repeal the Prevention of Money Laundering Act once it‚Ä¶,2024-04-16 15:29:46+00:00,0,28,0,https://twitter.com/twitter/status/1780257283282530693,SubashTweetss,72,https://pbs.twimg.com/profile_images/1555822178787999744/dYdv1s1J_normal.jpg,,RT @kochattil: #CPM in it's manifesto for the 2024 Lok Sabha polls says that it will repeal the Prevention of Money Laundering Act once it‚Ä¶,Neutral,78.97
44,1780236171978629376,"DAHOD - 2024 General Lok Sabha Elections : 2024 ‡™∏‡™æ‡™Æ‡™æ‡™®‡´ç‡™Ø ‡™≤‡´ã‡™ï‡™∏‡™≠‡™æ ‡™ö‡´Ç‡™Ç‡™ü‡™£‡´Ä - India News Gujarat
#loksabha #generalloksabhaelections #loksabhaelection2024 #dahod #vijayvishwas #rally #bjp #nomination #indianewsgujarat #gujaratnews #todaygujratinews 
https://t.co/HujyTYRvvi",2024-04-16 14:05:53+00:00,1,0,27,https://twitter.com/twitter/status/1780236171978629376,in_gujarati,6589,https://pbs.twimg.com/profile_images/1172122221545803776/q1wNPGL6_normal.jpg,"Gujarat, India","DAHOD - 2024 General Lok Sabha Elections : 2024 General Lok Sabha Elections - India News Gujarat
#loksabha #generalloksabhaelections #loksabhaelection2024 #dahod #vijayvishwas #rally #bjp #nomination #indianewsgujarat #gujaratnews #todaygujratinews
https://t.co/HujyTYRvvi",Neutral,96.66
45,1780228716116705622,"Lok Sabha elections 2024: Rage to be seen
#loksabha #rajyasabha #loksabhaelections #loksabha2019 #electioninindia #indiaelectionsandroidapp #indiaelectionsapp #indiaelectionapp #indiaelections2019predictions

https://t.co/mX3Vt6ZESU",2024-04-16 13:36:15+00:00,2,2,9,https://twitter.com/twitter/status/1780228716116705622,AllinoneTrendz,147,https://pbs.twimg.com/profile_images/1604728742194352130/mAQ2BHEN_normal.jpg,Indore,"Lok Sabha elections 2024: Rage to be seen
#loksabha #rajyasabha #loksabhaelections #loksabha2019 #electioninindia #indiaelectionsandroidapp #indiaelectionsapp #indiaelectionapp #indiaelections2019predictions

https://t.co/mX3Vt6ZESU",Neutral,38.46
46,1780218623031902331,"#Declaration of #Dry Days in UT of #JK
General #Elections to #LokSabha 2024 and Bye #Elections of AC'S of Various States- PHASE Wise Dry Day
#tawimedia #breakingnews #drydays #JammuKashmir #ladakh https://t.co/nBeur6yrm6",2024-04-16 12:56:09+00:00,0,0,18,https://twitter.com/twitter/status/1780218623031902331,MediaTawi47179,5,https://pbs.twimg.com/profile_images/1757414349306474496/VHBqhjcO_normal.jpg,"10,C Gandhi nagar","#Declaration of #Dry Days in UT of #JK
General #Elections to #LokSabha 2024 and Bye #Elections of AC'S of Various States- PHASE Wise Dry Day
#tawimedia #breakingnews #drydays #JammuKashmir #ladakh https://t.co/nBeur6yrm6",Negative,43.85
47,1780218148035195186,"RT @IndiaTodayHINDI: ‡§∞‡§æ‡§ú‡§∏‡•ç‡§•‡§æ‡§® : ‡§ï‡§ø‡§® #LokSabha ‡§∏‡•Ä‡§ü‡•ã‡§Ç ‡§™‡§∞ ‡§Ö‡§ó‡•ç‡§®‡§ø‡§µ‡•Ä‡§∞ ‡§ï‡§æ ‡§Æ‡•Å‡§¶‡•ç‡§¶‡§æ ‡§¨‡§® ‡§∏‡§ï‡§§‡§æ ‡§π‡•à @BJP4India ‡§ï‡•Ä ‡§Æ‡•Å‡§∏‡•Ä‡§¨‡§§?
@INCIndia ‡§≤‡•ã‡§ï‡§∏‡§≠‡§æ ‡§ö‡•Å‡§®‡§æ‡§µ ‡§ï‡•á ‡§Ö‡§™‡§®‡•á‚Ä¶",2024-04-16 12:54:16+00:00,0,1,0,https://twitter.com/twitter/status/1780218148035195186,Anand_DB,4639,https://pbs.twimg.com/profile_images/1231892204890644480/CJCUjY5N_normal.jpg,"Jaipur, India","RT @IndiaTodayHINDI: Rajasthan: On which #LokSabha seats can Agniveer's issue become a problem for @BJP4India?
@INCIndia in its Lok Sabha election‚Ä¶",Negative,52.72
48,1780215926412968334,"Tripura Lok Sabha candidate Biplab Deb slams CPIM manifesto, alleges compromise on national interests

#Tripura #LokSabha #CPIM

https://t.co/TNVHHDxgvH",2024-04-16 12:45:26+00:00,0,0,137,https://twitter.com/twitter/status/1780215926412968334,IndiaTodayNE,13866,https://pbs.twimg.com/profile_images/1543675771750821888/m31_cC1T_normal.jpg,,"Tripura Lok Sabha candidate Biplab Deb slams CPIM manifesto, alleges compromise on national interests

#Tripura #LokSabha #CPIM

https://t.co/TNVHHDxgvH",Negative,68.67
49,1780206020888822043,"‡§∞‡§æ‡§ú‡§∏‡•ç‡§•‡§æ‡§® : ‡§ï‡§ø‡§® #LokSabha ‡§∏‡•Ä‡§ü‡•ã‡§Ç ‡§™‡§∞ ‡§Ö‡§ó‡•ç‡§®‡§ø‡§µ‡•Ä‡§∞ ‡§ï‡§æ ‡§Æ‡•Å‡§¶‡•ç‡§¶‡§æ ‡§¨‡§® ‡§∏‡§ï‡§§‡§æ ‡§π‡•à @BJP4India ‡§ï‡•Ä ‡§Æ‡•Å‡§∏‡•Ä‡§¨‡§§?
@INCIndia ‡§≤‡•ã‡§ï‡§∏‡§≠‡§æ ‡§ö‡•Å‡§®‡§æ‡§µ ‡§ï‡•á ‡§Ö‡§™‡§®‡•á ‡§™‡•ç‡§∞‡§ö‡§æ‡§∞ ‡§ï‡•á ‡§¶‡•å‡§∞‡§æ‡§® #BJP ‡§ï‡•ã ‡§ò‡•á‡§∞‡§®‡•á ‡§ï‡•á ‡§≤‡§ø‡§è #Agniveer ‡§Ø‡•ã‡§ú‡§®‡§æ ‡§ï‡§æ ‡§Æ‡•Å‡§¶‡•ç‡§¶‡§æ ‡§≤‡§ó‡§æ‡§§‡§æ‡§∞ ‡§â‡§†‡§æ ‡§∞‡§π‡•Ä ‡§π‡•à.
@Anand_DB #Rajasthan #LokSabhaElection2024 #Elections 
https://t.co/jeXLu4UxWY",2024-04-16 12:06:04+00:00,3,1,220,https://twitter.com/twitter/status/1780206020888822043,IndiaTodayHINDI,39317,https://pbs.twimg.com/profile_images/1092390719476576256/KyhG5Lrz_normal.jpg,"Noida, India","Rajasthan: On which #LokSabha seats can Agniveer's issue become a problem for @BJP4India?
@INCIndia is continuously raising the issue of #Agniveer scheme to corner #BJP during its Lok Sabha election campaign.
@Anand_DB #Rajasthan #LokSabhaElection2024 #Elections
https://t.co/jeXLu4UxWY",Negative,75.71
