,tweet_ids,tweets text,created_at,like_count,retweet_count,impression_count,toenglish,sentiment,percent
0,1781195510151586007,"RT @JagranEnglish: #LokSabha #Election2024: Stars like Ajith Kumar, Rajinikanth, Dhanush and others cast their vote in the first phase of t‚Ä¶",2024-04-19 05:37:57+00:00,0,1,0,"RT @JagranEnglish: #LokSabha #Election2024: Stars like Ajith Kumar, Rajinikanth, Dhanush and others cast their vote in the first phase of t‚Ä¶",Neutral,76.64999999999999
1,1781195501792297020,"RT @the_hindu: #ElectionsWithTheHindu | Voting for the first phase of the 2024 #LokSabha elections began on April 19 in 102 constituencies,‚Ä¶",2024-04-19 05:37:55+00:00,0,12,0,"RT @the_hindu: #ElectionsWithTheHindu | Voting for the first phase of the 2024 #LokSabha elections began on April 19 in 102 constituencies,‚Ä¶",Neutral,97.0
2,1781195424076042432,"Lok Sabha Elections 2024 | ‡ßß‡¶Æ ‡¶¶‡¶´‡¶æ‡¶Ø‡¶º ‡¶Ü‡¶ú ‡ß© ‡¶ï‡ßá‡¶®‡ßç‡¶¶‡ßç‡¶∞‡ßá ‡¶≠‡ßã‡¶ü‡¶ó‡ßç‡¶∞‡¶π‡¶£‡•§  ‡ßß‡¶Æ ‡¶¶‡¶´‡¶æ‡¶∞ ‡¶≠‡ßã‡¶ü‡ßá‡¶∞ ‡¶™‡¶∞‡¶ø‡¶∏‡ßç‡¶•‡¶ø‡¶§‡¶ø ‡¶®‡¶ø‡¶Ø‡¶º‡ßá ‡¶ï‡ßÄ ‡¶¨‡¶≤‡¶≤‡ßá‡¶® ‡¶¶‡¶ø‡¶≤‡ßÄ‡¶™ ‡¶ò‡ßã‡¶∑, ‡¶∂‡¶æ‡¶®‡ßç‡¶§‡¶®‡ßÅ ‡¶∏‡ßá‡¶®?

‡¶¶‡ßá‡¶ñ‡ßÅ‡¶® ‡¶∞‡¶ø‡¶™‡¶æ‡¶¨‡¶≤‡¶ø‡¶ï ‡¶¨‡¶æ‡¶Ç‡¶≤‡¶æ üî¥LIVE: https://t.co/8dvXXsam2v
.
.  
.
#loksabhaelection2024 #loksabhavote #loksabhaelection2024 #loksabhaelection #loksabha‚Ä¶ https://t.co/dhXwKO2Frs https://t.co/svfL25DMaD",2024-04-19 05:37:36+00:00,0,0,47,"Lok Sabha Elections 2024 | Voting in 3 centers today in the 1st phase. What did Dilip Ghosh, Shantanu Sen say about the situation of the 1st round of voting?

Watch Republic Bangla üî¥LIVE: https://t.co/8dvXXsam2v
.
.
.
#loksabhaelection2024 #loksabhavote #loksabhaelection2024 #loksabhaelection #loksabha‚Ä¶ https://t.co/dhXwKO2Frs https://t.co/svfL25DMaD",Neutral,82.02000000000001
3,1781195267305611654,"Maharashtra - 2024 Lok Sabha Elections - 19 April 2024 Voting  Lok Sabha Constituencies and India Alliance Candidates.
 Analysis, Opinions and Opinion Polls.
https://t.co/uncxXdizNL
#India  #LokSabha  #Election  #Parliament  #MP   #Maharashtra  #LokSabhaElection2024",2024-04-19 05:36:59+00:00,0,0,17,"Maharashtra - 2024 Lok Sabha Elections - 19 April 2024 Voting  Lok Sabha Constituencies and India Alliance Candidates.
 Analysis, Opinions and Opinion Polls.
https://t.co/uncxXdizNL
#India  #LokSabha  #Election  #Parliament  #MP   #Maharashtra  #LokSabhaElection2024",Neutral,95.83
4,1781194238564483386,"West Bengal - 2024 Lok Sabha Elections - 19 April 2024 Voting  Lok Sabha Constituencies and India Alliance Candidates.
 Analysis, Opinions and Opinion Polls.
 https://t.co/8dnX24fish
#India  #LokSabha  #Election  #Parliament  #MP  #WestBengal  #LokSabhaElection2024",2024-04-19 05:32:54+00:00,0,0,15,"West Bengal - 2024 Lok Sabha Elections - 19 April 2024 Voting  Lok Sabha Constituencies and India Alliance Candidates.
 Analysis, Opinions and Opinion Polls.
 https://t.co/8dnX24fish
#India  #LokSabha  #Election  #Parliament  #MP  #WestBengal  #LokSabhaElection2024",Neutral,96.71
5,1781193585515217065,"Here are some of the #key #issues in the elections to 543 seats in the #LokSabha, the lower house of #parliament, that will be held in #seven phases between April 19 and June 1, with vote counting on June 4.

Read: https://t.co/lS8dwFJa5d",2024-04-19 05:30:18+00:00,0,0,202,"Here are some of the #key #issues in the elections to 543 seats in the #LokSabha, the lower house of #parliament, that will be held in #seven phases between April 19 and June 1, with vote counting on June 4.

Read: https://t.co/lS8dwFJa5d",Neutral,94.84
6,1781193427360841974,"Lok Sabha Elections 2024: ‡§¶‡•á‡§∂ ‡§Æ‡•á‡§Ç ‡§≤‡•ã‡§ï‡§∏‡§≠‡§æ ‡§ö‡•Å‡§®‡§æ‡§µ ‡§ï‡•á ‡§™‡§π‡§≤‡•á ‡§ö‡§∞‡§£ ‡§ï‡•á Voting ‡§∂‡•Å‡§∞‡•Å

#Loksabha #Loksabhaelections2024 #Elections #BJP #congress #voting #VotingRights https://t.co/kn80Goxbkb",2024-04-19 05:29:40+00:00,0,0,15,"Lok Sabha Elections 2024: Voting begins for the first phase of Lok Sabha elections in the country.

#Loksabha #Loksabhaelections2024 #Elections #BJP #congress #voting #VotingRights https://t.co/kn80Goxbkb",Neutral,94.67
7,1781193200662913116,"RT @the_hindu: #ElectionsWithTheHindu | Voting for the first phase of the 2024 #LokSabha elections began on April 19 in 102 constituencies,‚Ä¶",2024-04-19 05:28:46+00:00,0,12,0,"RT @the_hindu: #ElectionsWithTheHindu | Voting for the first phase of the 2024 #LokSabha elections began on April 19 in 102 constituencies,‚Ä¶",Neutral,97.0
8,1781193064058347861,"#LokSabha #Election2024: Stars like Ajith Kumar, Rajinikanth, Dhanush and others cast their vote in the first phase of the Lok Sabha elections 2024.

Read More: https://t.co/2RAURPfMKs

#AjithKumar #Rajnikanth #Dhanush #LokSabhaElections2024üì∑ #Phase1 #ElectionsWithJagran https://t.co/MOPgEwSGWu",2024-04-19 05:28:14+00:00,2,1,113,"#LokSabha #Election2024: Stars like Ajith Kumar, Rajinikanth, Dhanush and others cast their vote in the first phase of the Lok Sabha elections 2024.

Read More: https://t.co/2RAURPfMKs

#AjithKumar #Rajnikanth #Dhanush #LokSabhaElections2024üì∑ #Phase1 #ElectionsWithJagran https://t.co/MOPgEwSGWu",Neutral,63.36000000000001
9,1781192701129404719,"India's Lok Sabha 2024 elections have commenced, embarking on a substantial democratic exercise. Voter turnout is anticipated to be high. #IndiaElections2024 #LokSabha #Democracy #Voting
https://t.co/WaCtHdChiG",2024-04-19 05:26:47+00:00,0,0,16,"India's Lok Sabha 2024 elections have commenced, embarking on a substantial democratic exercise. Voter turnout is anticipated to be high. #IndiaElections2024 #LokSabha #Democracy #Voting
https://t.co/WaCtHdChiG",Positive,78.7
10,1781192482212172092,"Chhattisgarh 2024 Lok Sabha Elections - 19 April 2024 Voting  Lok Sabha Constituencies and India Alliance Candidates.
 Analysis, Opinions and Opinion Polls.
https://t.co/bWrMaPTfah
#India  #LokSabha  #Election  #Parliament  #MP   #Chhattisgarh #LokSabhaElection2024",2024-04-19 05:25:55+00:00,0,0,8,"Chhattisgarh 2024 Lok Sabha Elections - 19 April 2024 Voting  Lok Sabha Constituencies and India Alliance Candidates.
 Analysis, Opinions and Opinion Polls.
https://t.co/bWrMaPTfah
#India  #LokSabha  #Election  #Parliament  #MP   #Chhattisgarh #LokSabhaElection2024",Neutral,96.39999999999999
11,1781191653971120299,"üáÆüá≥ #LokSabha Elections 2024 Phase I: Polling begins Jammu and Kashmir

üó≥ The polling for the first phase of #GeneralElections2024 in Udhampur Parliamentary Constituency began on Friday at 7 am in all 2,637 polling stations across the constituency.

Earlier, mock drills were‚Ä¶ https://t.co/wH42Y9TKTV https://t.co/W9coqq8S4i",2024-04-19 05:22:37+00:00,1,0,74,"üáÆüá≥ #LokSabha Elections 2024 Phase I: Polling begins Jammu and Kashmir

üó≥ The polling for the first phase of #GeneralElections2024 in Udhampur Parliamentary Constituency began on Friday at 7 am in all 2,637 polling stations across the constituency.

Earlier, mock drills were‚Ä¶ https://t.co/wH42Y9TKTV https://t.co/W9coqq8S4i",Neutral,96.69
12,1781190375819862184,"Lok Sabha Elections 2024 | ‡¶¨‡¶ø‡¶ú‡ßá‡¶™‡¶ø‡¶∞ ‡¶™‡ßã‡¶≤‡¶ø‡¶Ç ‡¶è‡¶ú‡ßá‡¶®‡ßç‡¶ü‡¶ï‡ßá ‡¶Ö‡¶™‡¶π‡¶∞‡¶£‡ßá‡¶∞ ‡¶Ö‡¶≠‡¶ø‡¶Ø‡ßã‡¶ó‡•§ ‡¶ï‡ßã‡¶ö‡¶¨‡¶ø‡¶π‡¶æ‡¶∞‡ßá ‡¶§‡ßÅ‡¶Æ‡ßÅ‡¶≤ ‡¶â‡¶§‡ßç‡¶§‡ßá‡¶ú‡¶®‡¶æ‡•§ ‡¶§‡ßÉ‡¶£‡¶Æ‡ßÇ‡¶≤‡ßá‡¶∞ ‡¶¨‡¶ø‡¶∞‡ßÅ‡¶¶‡ßç‡¶ß‡ßá ‡¶Ö‡¶™‡¶π‡¶∞‡¶£‡ßá‡¶∞ ‡¶Ö‡¶≠‡¶ø‡¶Ø‡ßã‡¶ó

‡¶¶‡ßá‡¶ñ‡ßÅ‡¶® ‡¶∞‡¶ø‡¶™‡¶æ‡¶¨‡¶≤‡¶ø‡¶ï ‡¶¨‡¶æ‡¶Ç‡¶≤‡¶æ üî¥LIVE: https://t.co/8dvXXs9OcX
.
.  
.
#loksabhaelection2024 #loksabhavote #loksabhaelection2024 #loksabhaelection #loksabha‚Ä¶ https://t.co/IETJXgFSaf https://t.co/hF7d47hix0",2024-04-19 05:17:33+00:00,0,0,55,"Lok Sabha Elections 2024 | Alleged kidnapping of BJP polling agent. Huge excitement in Cooch Behar. Kidnapping allegations against Trinamool

Watch Republic Bangla üî¥LIVE: https://t.co/8dvXXs9OcX
.
.
.
#loksabhaelection2024 #loksabhavote #loksabhaelection2024 #loksabhaelection #loksabha‚Ä¶ https://t.co/IETJXgFSaf https://t.co/hF7d47hix0",Positive,60.36
13,1781190174111580450,"Lok Sabha Elections 2024 | ‡¶∂‡ßÄ‡¶§‡¶≤‡¶ï‡ßÅ‡¶ö‡¶ø‡¶§‡ßá ‡¶¨‡¶æ‡¶∞‡¶¨‡¶æ‡¶∞ ‡¶Ö‡¶∂‡¶æ‡¶®‡ßç‡¶§‡¶ø‡•§ ‡¶§‡ßÉ‡¶£‡¶Æ‡ßÇ‡¶≤ ‡¶ï‡¶∞‡ßç‡¶Æ‡ßÄ‡¶¶‡ßá‡¶∞ ‡¶Æ‡¶æ‡¶∞‡¶ß‡¶∞‡ßá‡¶∞ ‡¶Ö‡¶≠‡¶ø‡¶Ø‡ßã‡¶ó ‡¶¨‡¶ø‡¶ú‡ßá‡¶™‡¶ø‡¶∞ ‡¶¨‡¶ø‡¶∞‡ßÅ‡¶¶‡ßç‡¶ß‡ßá‡•§ ‡¶≠‡ßã‡¶ü‡¶æ‡¶∞‡¶¶‡ßá‡¶∞ ‡¶π‡ßÅ‡¶Æ‡¶ï‡¶ø ‡¶¶‡ßá‡¶ì‡¶Ø‡¶º‡¶æ‡¶∞ ‡¶Ö‡¶≠‡¶ø‡¶Ø‡ßã‡¶ó

‡¶¶‡ßá‡¶ñ‡ßÅ‡¶® ‡¶∞‡¶ø‡¶™‡¶æ‡¶¨‡¶≤‡¶ø‡¶ï ‡¶¨‡¶æ‡¶Ç‡¶≤‡¶æ üî¥LIVE: https://t.co/8dvXXs9OcX
.
.  
.
#loksabhaelection2024 #loksabhavote #loksabhaelection2024 #loksabhaelection #loksabha‚Ä¶ https://t.co/rxSJdNkGls https://t.co/1H7peOezfh",2024-04-19 05:16:45+00:00,1,0,47,"Lok Sabha Elections 2024 | Repeated disturbances in Shitalakuchi. Allegation of beating Trinamool workers against BJP. Allegations of intimidation of voters

Watch Republic Bangla üî¥LIVE: https://t.co/8dvXXs9OcX
.
.
.
#loksabhaelection2024 #loksabhavote #loksabhaelection2024 #loksabhaelection #loksabha‚Ä¶ https://t.co/rxSJdNkGls https://t.co/1H7peOezfh",Negative,75.33999999999999
14,1781190163751743927,"Lok Sabha Elections 2024 | ‡¶Æ‡¶æ‡¶•‡¶æ‡¶≠‡¶æ‡¶ô‡¶æ‡¶Ø‡¶º ‡¶§‡ßÉ‡¶£‡¶Æ‡ßÇ‡¶≤-‡¶¨‡¶ø‡¶ú‡ßá‡¶™‡¶ø ‡¶∏‡¶Ç‡¶ò‡¶∞‡ßç‡¶∑‡•§ ‡¶§‡ßÉ‡¶£‡¶Æ‡ßÇ‡¶≤‡ßá‡¶∞ ‡¶™‡ßã‡¶≤‡¶ø‡¶Ç ‡¶è‡¶ú‡ßá‡¶®‡ßç‡¶ü‡¶ï‡ßá ‡¶Æ‡¶æ‡¶∞‡¶ß‡¶∞‡ßá‡¶∞ ‡¶Ö‡¶≠‡¶ø‡¶Ø‡ßã‡¶ó

‡¶¶‡ßá‡¶ñ‡ßÅ‡¶® ‡¶∞‡¶ø‡¶™‡¶æ‡¶¨‡¶≤‡¶ø‡¶ï ‡¶¨‡¶æ‡¶Ç‡¶≤‡¶æ üî¥LIVE: https://t.co/8dvXXs9OcX
.
.  
.
#loksabhaelection2024 #loksabhavote #loksabhaelection2024 #loksabhaelection #loksabha #election2024 #westbengalnews‚Ä¶ https://t.co/BD8Vvd8juN https://t.co/Nb8x1FkiBP",2024-04-19 05:16:42+00:00,0,0,46,"Lok Sabha Elections 2024 | Trinamool-BJP clash in Mathabhanga. Allegation of beating Trinamool polling agent

Watch Republic Bangla üî¥LIVE: https://t.co/8dvXXs9OcX
.
.
.
#loksabhaelection2024 #loksabhavote #loksabhaelection2024 #loksabhaelection #loksabha #election2024 #westbengalnews‚Ä¶ https://t.co/BD8Vvd8juN https://t.co/Nb8x1FkiBP",Neutral,52.459999999999994
15,1781188892303282407,"RT @aajtak: Udhampur LIVE Updates: ‡§â‡§ß‡§Æ‡§™‡•Å‡§∞ ‡§∏‡•Ä‡§ü ‡§™‡§∞ ‡§¨‡•Ä‡§ú‡•á‡§™‡•Ä-‡§ï‡§æ‡§Ç‡§ó‡•ç‡§∞‡•á‡§∏ ‡§Æ‡•á‡§Ç ‡§Æ‡•Å‡§ï‡§æ‡§¨‡§≤‡§æ, ‡§ï‡•å‡§® ‡§π‡•ã‡§ó‡§æ ‡§∞‡§æ‡§ú‡§™‡•Ç‡§§‡•ã‡§Ç ‡§ï‡•á ‡§ó‡§¢‡§º ‡§ï‡§æ ‡§∞‡§æ‡§ú‡§æ? 16 ‡§≤‡§æ‡§ñ ‡§Æ‡§§‡§¶‡§æ‡§§‡§æ ‡§ï‡§∞‡•á‡§Ç‡§ó‡•á ‡§≠‡§æ‡§ó‡•ç‡§Ø‚Ä¶",2024-04-19 05:11:39+00:00,0,3,0,"RT @aajtak: Udhampur LIVE Updates: BJP-Congress contest on Udhampur seat, who will be the king of Rajput stronghold? 16 lakh voters will do their luck‚Ä¶",Neutral,62.129999999999995
16,1781188355100688585,"RT @the_hindu: #ElectionsWithTheHindu | Voting for the first phase of the 2024 #LokSabha elections began on April 19 in 102 constituencies,‚Ä¶",2024-04-19 05:09:31+00:00,0,12,0,"RT @the_hindu: #ElectionsWithTheHindu | Voting for the first phase of the 2024 #LokSabha elections began on April 19 in 102 constituencies,‚Ä¶",Neutral,97.0
17,1781186490892206097,"RT @the_hindu: #ElectionsWithTheHindu | Voting for the first phase of the 2024 #LokSabha elections began on April 19 in 102 constituencies,‚Ä¶",2024-04-19 05:02:06+00:00,0,12,0,"RT @the_hindu: #ElectionsWithTheHindu | Voting for the first phase of the 2024 #LokSabha elections began on April 19 in 102 constituencies,‚Ä¶",Neutral,97.0
18,1781185534905163834,"Lok Sabha Elections 2024 | ‡¶∂‡ßÄ‡¶§‡¶≤‡¶ï‡ßÅ‡¶ö‡¶ø‡¶§‡ßá ‡¶¨‡¶æ‡¶∞‡¶¨‡¶æ‡¶∞ ‡¶Ö‡¶∂‡¶æ‡¶®‡ßç‡¶§‡¶ø

‡¶¶‡ßá‡¶ñ‡ßÅ‡¶® ‡¶∞‡¶ø‡¶™‡¶æ‡¶¨‡¶≤‡¶ø‡¶ï ‡¶¨‡¶æ‡¶Ç‡¶≤‡¶æ üî¥LIVE: https://t.co/8dvXXs9OcX
.
.  
.
#loksabhaelection2024 #loksabhavote #loksabhaelection2024 #loksabhaelection #loksabha #election2024 #westbengalnews #BreakingNews #NewsUpdate #LiveNewsUpdate‚Ä¶ https://t.co/497mSOUIdY https://t.co/0jb6vAFIQv",2024-04-19 04:58:19+00:00,0,0,63,"Lok Sabha Elections 2024 | Repeated disturbances in Shitalakuchi

Watch Republic Bangla üî¥LIVE: https://t.co/8dvXXs9OcX
.
.
.
#loksabhaelection2024 #loksabhavote #loksabhaelection2024 #loksabhaelection #loksabha #election2024 #westbengalnews #BreakingNews #NewsUpdate #LiveNewsUpdate‚Ä¶ https://t.co/497mSOUIdY https://t.co/0jb6vAFIQv",Negative,54.510000000000005
19,1781185129911550429,"Udhampur LIVE Updates: ‡§â‡§ß‡§Æ‡§™‡•Å‡§∞ ‡§∏‡•Ä‡§ü ‡§™‡§∞ ‡§¨‡•Ä‡§ú‡•á‡§™‡•Ä-‡§ï‡§æ‡§Ç‡§ó‡•ç‡§∞‡•á‡§∏ ‡§Æ‡•á‡§Ç ‡§Æ‡•Å‡§ï‡§æ‡§¨‡§≤‡§æ, ‡§ï‡•å‡§® ‡§π‡•ã‡§ó‡§æ ‡§∞‡§æ‡§ú‡§™‡•Ç‡§§‡•ã‡§Ç ‡§ï‡•á ‡§ó‡§¢‡§º ‡§ï‡§æ ‡§∞‡§æ‡§ú‡§æ? 16 ‡§≤‡§æ‡§ñ ‡§Æ‡§§‡§¶‡§æ‡§§‡§æ ‡§ï‡§∞‡•á‡§Ç‡§ó‡•á ‡§≠‡§æ‡§ó‡•ç‡§Ø ‡§ï‡§æ ‡§´‡•à‡§∏‡§≤‡§æ

#LokSabha #LokSabhaElection2024 

https://t.co/niPKCEmxKI",2024-04-19 04:56:42+00:00,27,3,3304,"Udhampur LIVE Updates: BJP-Congress contest on Udhampur seat, who will be the king of the Rajput stronghold? 16 lakh voters will decide their fate

#LokSabha #LokSabhaElection2024

https://t.co/niPKCEmxKI",Neutral,89.02
20,1781184248323469627,"Lok Sabha Elections 2024 | ‡¶Æ‡¶æ‡¶•‡¶æ‡¶≠‡¶æ‡¶ô‡¶æ‡¶Ø‡¶º ‡¶§‡ßÉ‡¶£‡¶Æ‡ßÇ‡¶≤-‡¶¨‡¶ø‡¶ú‡ßá‡¶™‡¶ø ‡¶∏‡¶Ç‡¶ò‡¶∞‡ßç‡¶∑

‡¶¶‡ßá‡¶ñ‡ßÅ‡¶® ‡¶∞‡¶ø‡¶™‡¶æ‡¶¨‡¶≤‡¶ø‡¶ï ‡¶¨‡¶æ‡¶Ç‡¶≤‡¶æ üî¥LIVE: https://t.co/8dvXXs9OcX
.
.  
.
#loksabhaelection2024 #loksabhavote #loksabhaelection2024 #loksabhaelection #loksabha #election2024 #westbengalnews #BreakingNews #NewsUpdate #LiveNewsUpdate‚Ä¶ https://t.co/Buj4RBAsJy https://t.co/DJdYL6b5Ki",2024-04-19 04:53:12+00:00,0,0,57,"Lok Sabha Elections 2024 | Trinamool-BJP clash in Mathabhanga

Watch Republic Bangla üî¥LIVE: https://t.co/8dvXXs9OcX
.
.
.
#loksabhaelection2024 #loksabhavote #loksabhaelection2024 #loksabhaelection #loksabha #election2024 #westbengalnews #BreakingNews #NewsUpdate #LiveNewsUpdate‚Ä¶ https://t.co/Buj4RBAsJy https://t.co/DJdYL6b5Ki",Neutral,67.60000000000001
21,1781183634973868532,RT @THChennai: #ElectionsWithTheHindu | Polling began in all the 39 #LokSabha seats in TN in the first phase of the 2024 general elections‚Ä¶,2024-04-19 04:50:46+00:00,0,3,0,RT @THChennai: #ElectionsWithTheHindu | Polling began in all the 39 #LokSabha seats in TN in the first phase of the 2024 general elections‚Ä¶,Neutral,96.77
22,1781183455964864607,"#Jaipur #Loksabha #Election2024 #LIVE #Updates: Today, April 19, marks the first phase of the Lok Sabha election in Jaipur, the capital of Rajasthan.  

#LokSabhaElections2024üì∑ #Phase1 #ElectionsWithJagran

https://t.co/gup5Z7AMdt",2024-04-19 04:50:03+00:00,0,0,37,"#Jaipur #Loksabha #Election2024 #LIVE #Updates: Today, April 19, marks the first phase of the Lok Sabha election in Jaipur, the capital of Rajasthan.  

#LokSabhaElections2024üì∑ #Phase1 #ElectionsWithJagran

https://t.co/gup5Z7AMdt",Neutral,95.64
23,1781183232991510918,"#Jaipur #Loksabha #Election2024 #LIVE #Updates: Today, April 19, marks the first phase of the Lok Sabha election in Jaipur, the capital of Rajasthan.  

https://t.co/gup5Z7AMdt

#LokSabhaElections2024üì∑ #Phase1 #ElectionsWithJagran",2024-04-19 04:49:10+00:00,0,0,13,"#Jaipur #Loksabha #Election2024 #LIVE #Updates: Today, April 19, marks the first phase of the Lok Sabha election in Jaipur, the capital of Rajasthan.  

https://t.co/gup5Z7AMdt

#LokSabhaElections2024üì∑ #Phase1 #ElectionsWithJagran",Neutral,95.97
24,1781182771978711434,"Lok Sabha Elections 2024 | ‡¶≠‡ßã‡¶ü ‡¶∂‡ßÅ‡¶∞‡ßÅ ‡¶π‡¶§‡ßá‡¶á ‡¶¶‡¶ø‡¶®‡¶π‡¶æ‡¶ü‡¶æ‡¶Ø‡¶º ‡¶â‡¶¶‡ßç‡¶ß‡¶æ‡¶∞ ‡¶¨‡ßã‡¶Æ‡¶æ

‡¶¶‡ßá‡¶ñ‡ßÅ‡¶® ‡¶∞‡¶ø‡¶™‡¶æ‡¶¨‡¶≤‡¶ø‡¶ï ‡¶¨‡¶æ‡¶Ç‡¶≤‡¶æ üî¥LIVE: https://t.co/8dvXXs9OcX
.
.  
.
#loksabhaelection2024 #loksabhavote #loksabhaelection2024 #loksabhaelection #loksabha #election2024 #westbengalnews #BreakingNews #NewsUpdate‚Ä¶ https://t.co/nbi7WkUjhr https://t.co/bTEzj3MlXD",2024-04-19 04:47:20+00:00,0,0,53,"Lok Sabha Elections 2024 | As soon as the polling started, the bomb was rescued in Dinhata

Watch Republic Bangla üî¥LIVE: https://t.co/8dvXXs9OcX
.
.
.
#loksabhaelection2024 #loksabhavote #loksabhaelection2024 #loksabhaelection #loksabha #election2024 #westbengalnews #BreakingNews #NewsUpdate‚Ä¶ https://t.co/nbi7WkUjhr https://t.co/bTEzj3MlXD",Neutral,78.51
25,1781182731541729355,"RT @fresh_founder: LokSabha Elections 2024 are starting today, each vote is important &amp; it decides our faith &amp; future, so give it dhyaan se‚Ä¶",2024-04-19 04:47:10+00:00,0,1,0,"RT @fresh_founder: LokSabha Elections 2024 are starting today, each vote is important &amp; it decides our faith &amp; future, so give it dhyaan se‚Ä¶",Positive,48.71
26,1781182659458388265,"LokSabha Elections 2024 are starting today, each vote is important &amp; it decides our faith &amp; future, so give it dhyaan se naaki Andhbhakt bankeüôèü´µ‚ù§Ô∏è- Jai HindüáÆüá≥

#LokSabhaElections2024 #LokSabhaElections #Elections #Elections2024 #loksabhaelection #loksabha https://t.co/36i31SB8VM",2024-04-19 04:46:53+00:00,2,1,126,"Lok Sabha Elections 2024 are starting today, each vote is important &amp; it decides our faith &amp; future, so give it attention to the naaki devotee bankeüôèü´µ‚ù§Ô∏è- Jai HindüáÆüá≥

#LokSabhaElections2024 #LokSabhaElections #Elections #Elections2024 #loksabhaelection #loksabha https://t.co/36i31SB8VM",Positive,88.91
27,1781178350179877030,"RT @the_hindu: #ElectionsWithTheHindu | Voting for the first phase of the 2024 #LokSabha elections began on April 19 in 102 constituencies,‚Ä¶",2024-04-19 04:29:46+00:00,0,12,0,"RT @the_hindu: #ElectionsWithTheHindu | Voting for the first phase of the 2024 #LokSabha elections began on April 19 in 102 constituencies,‚Ä¶",Neutral,97.0
28,1781177431422046713,"Lok Sabha Election 2024 Phase 1: ‡§¨‡§æ‡§¨‡§æ ‡§∞‡§æ‡§Æ‡§¶‡•á‡§µ ‡§®‡•á ‡§°‡§æ‡§≤‡§æ ‡§µ‡•ã‡§ü 

#Vote4INDIA #INDIAAlliance #GodMorningFriday #LokSabha #SP #BSP #RLD
https://t.co/E3DO4xqfOh",2024-04-19 04:26:06+00:00,0,0,26,"Lok Sabha Election 2024 Phase 1: Baba Ramdev casts his vote

#Vote4INDIA #INDIAAlliance #GoodMorningFriday #LokSabha #SP #BSP #RLD
https://t.co/E3DO4xqfOh",Positive,62.69
29,1781176180789674335,RT @TNITweet: üìå Voting begins for the First Phase #LokSabhaElections2024 . 102 #LokSabha seats going to polls today.  #TNI #Insight #PiN #O‚Ä¶,2024-04-19 04:21:08+00:00,0,1,0,RT @TNITweet: üìå Voting begins for the First Phase #LokSabhaElections2024 . 102 #LokSabha seats going to polls today.  #TNI #Insight #PiN #O‚Ä¶,Neutral,96.89
30,1781176083653800289,"üìå Voting begins for the First Phase #LokSabhaElections2024 . 102 #LokSabha seats going to polls today.  #TNI #Insight #PiN #Odisha #Elections2024 

https://t.co/7qFTIazhzQ",2024-04-19 04:20:45+00:00,1,1,41,"üìå Voting begins for the First Phase #LokSabhaElections2024 . 102 #LokSabha seats going to polls today.  #TNI #Insight #PiN #Odisha #Elections2024 

https://t.co/7qFTIazhzQ",Neutral,96.15
31,1781175515908395023,RT @THChennai: #ElectionsWithTheHindu | Polling began in all the 39 #LokSabha seats in TN in the first phase of the 2024 general elections‚Ä¶,2024-04-19 04:18:30+00:00,0,3,0,RT @THChennai: #ElectionsWithTheHindu | Polling began in all the 39 #LokSabha seats in TN in the first phase of the 2024 general elections‚Ä¶,Neutral,96.77
32,1781171751298421091,"RT @shreshtbharattv: #LokSabhaElections2024 : #RSS ‡§™‡•ç‡§∞‡§Æ‡•Å‡§ñ ‡§®‡•á ‡§®‡§æ‡§ó‡§™‡•Å‡§∞ ‡§Æ‡•á‡§Ç ‡§°‡§æ‡§≤‡§æ ‡§µ‡•ã‡§ü, ‡§™‡•Ä‡§è‡§Æ ‡§Æ‡•ã‡§¶‡•Ä ‡§®‡•á ‡§ï‡§π‡•Ä ‡§Ø‡•á ‡§¨‡§æ‡§§ 
#Vote4INDIA #INDIAAlliance #GodM‚Ä¶",2024-04-19 04:03:32+00:00,0,2,0,"RT @shreshtbharattv: #LokSabhaElections2024: #RSS chief casts vote in Nagpur, PM Modi said this
#Vote4INDIA #INDIAAlliance #GodM‚Ä¶",Neutral,51.519999999999996
33,1781171741068496984,"RT @shreshtbharattv: Lok Sabha Election 2024 Phase 1: ‡§≠‡§ú‡§®‡§≤‡§æ‡§≤ ‡§∂‡§∞‡•ç‡§Æ‡§æ ‡§®‡•á ‡§ú‡§Ø‡§™‡•Å‡§∞ ‡§Æ‡•á‡§Ç ‡§°‡§æ‡§≤‡§æ ‡§µ‡•ã‡§ü 
#Vote4INDIA #INDIAAlliance #GodMorningFriday #Lok‚Ä¶",2024-04-19 04:03:30+00:00,0,1,0,"RT @shreshtbharattv: Lok Sabha Election 2024 Phase 1: Bhajanlal Sharma casts his vote in Jaipur
#Vote4INDIA #INDIAAlliance #GoodMorningFriday #Lok.",Neutral,80.54
34,1781171733493678446,"RT @shreshtbharattv: Lok Sabha Election 2024 Phase 1: ‡§∏‡§¶‡•ç‡§ó‡•Å‡§∞‡•Å ‡§ú‡§ó‡•ç‡§ó‡•Ä ‡§µ‡§æ‡§∏‡•Å‡§¶‡•á‡§µ ‡§®‡•á ‡§°‡§æ‡§≤‡§æ ‡§µ‡•ã‡§ü 
#Vote4INDIA #INDIAAlliance #GodMorningFriday #LokS‚Ä¶",2024-04-19 04:03:28+00:00,0,1,0,"RT @shreshtbharattv: Lok Sabha Election 2024 Phase 1: Sadhguru Jaggi Vasudev casts his vote
#Vote4INDIA #INDIAAlliance #GoodMorningFriday #LokS.",Positive,76.85
35,1781171415787733048,"Lok Sabha Election 2024 Phase 1: ‡§∏‡§¶‡•ç‡§ó‡•Å‡§∞‡•Å ‡§ú‡§ó‡•ç‡§ó‡•Ä ‡§µ‡§æ‡§∏‡•Å‡§¶‡•á‡§µ ‡§®‡•á ‡§°‡§æ‡§≤‡§æ ‡§µ‡•ã‡§ü 
#Vote4INDIA #INDIAAlliance #GodMorningFriday #LokSabha #SP #BSP #RLD 
https://t.co/E3DO4xqfOh",2024-04-19 04:02:12+00:00,0,1,28,"Lok Sabha Election 2024 Phase 1: Sadhguru Jaggi Vasudev casts his vote
#Vote4INDIA #INDIAAlliance #GoodMorningFriday #LokSabha #SP #BSP #RLD
https://t.co/E3DO4xqfOh",Positive,70.1
36,1781170687908176043,"RT @aajtak: Lok Sabha Election 2024 Phase 1 Voting Live: ‡§§‡§Æ‡§ø‡§≤‡§®‡§æ‡§°‡•Å ‡§ï‡•á ‡§∏‡•Ä‡§è‡§Æ ‡§∏‡•ç‡§ü‡§æ‡§≤‡§ø‡§®, ‡§∞‡§æ‡§ú‡§∏‡•ç‡§•‡§æ‡§® ‡§ï‡•á ‡§Æ‡•Å‡§ñ‡•ç‡§Ø‡§Æ‡§Ç‡§§‡•ç‡§∞‡•Ä ‡§≠‡§ú‡§®‡§≤‡§æ‡§≤ ‡§∂‡§∞‡•ç‡§Æ‡§æ ‡§®‡•á ‡§°‡§æ‡§≤‡§æ ‡§µ‡•ã‡§ü... 21‚Ä¶",2024-04-19 03:59:19+00:00,0,4,0,"RT @aajtak: Lok Sabha Election 2024 Phase 1 Voting Live: Tamil Nadu CM Stalin, Rajasthan Chief Minister Bhajanlal Sharma cast their votes... 21‚Ä¶",Neutral,95.46
37,1781169209374044298,"RT @aajtak: Lok Sabha Election 2024 Phase 1 Voting Live: ‡§§‡§Æ‡§ø‡§≤‡§®‡§æ‡§°‡•Å ‡§ï‡•á ‡§∏‡•Ä‡§è‡§Æ ‡§∏‡•ç‡§ü‡§æ‡§≤‡§ø‡§®, ‡§∞‡§æ‡§ú‡§∏‡•ç‡§•‡§æ‡§® ‡§ï‡•á ‡§Æ‡•Å‡§ñ‡•ç‡§Ø‡§Æ‡§Ç‡§§‡•ç‡§∞‡•Ä ‡§≠‡§ú‡§®‡§≤‡§æ‡§≤ ‡§∂‡§∞‡•ç‡§Æ‡§æ ‡§®‡•á ‡§°‡§æ‡§≤‡§æ ‡§µ‡•ã‡§ü... 21‚Ä¶",2024-04-19 03:53:26+00:00,0,4,0,"RT @aajtak: Lok Sabha Election 2024 Phase 1 Voting Live: Tamil Nadu CM Stalin, Rajasthan Chief Minister Bhajanlal Sharma cast their votes... 21‚Ä¶",Neutral,95.46
38,1781167808413671572,"RT @aajtak: Lok Sabha Election 2024 Phase 1 Voting Live: ‡§§‡§Æ‡§ø‡§≤‡§®‡§æ‡§°‡•Å ‡§ï‡•á ‡§∏‡•Ä‡§è‡§Æ ‡§∏‡•ç‡§ü‡§æ‡§≤‡§ø‡§®, ‡§∞‡§æ‡§ú‡§∏‡•ç‡§•‡§æ‡§® ‡§ï‡•á ‡§Æ‡•Å‡§ñ‡•ç‡§Ø‡§Æ‡§Ç‡§§‡•ç‡§∞‡•Ä ‡§≠‡§ú‡§®‡§≤‡§æ‡§≤ ‡§∂‡§∞‡•ç‡§Æ‡§æ ‡§®‡•á ‡§°‡§æ‡§≤‡§æ ‡§µ‡•ã‡§ü... 21‚Ä¶",2024-04-19 03:47:52+00:00,0,4,0,"RT @aajtak: Lok Sabha Election 2024 Phase 1 Voting Live: Tamil Nadu CM Stalin, Rajasthan Chief Minister Bhajanlal Sharma cast their votes... 21‚Ä¶",Neutral,95.46
39,1781167657905258779,"RT @aajtak: Lok Sabha Election 2024 Phase 1 Voting Live: ‡§§‡§Æ‡§ø‡§≤‡§®‡§æ‡§°‡•Å ‡§ï‡•á ‡§∏‡•Ä‡§è‡§Æ ‡§∏‡•ç‡§ü‡§æ‡§≤‡§ø‡§®, ‡§∞‡§æ‡§ú‡§∏‡•ç‡§•‡§æ‡§® ‡§ï‡•á ‡§Æ‡•Å‡§ñ‡•ç‡§Ø‡§Æ‡§Ç‡§§‡•ç‡§∞‡•Ä ‡§≠‡§ú‡§®‡§≤‡§æ‡§≤ ‡§∂‡§∞‡•ç‡§Æ‡§æ ‡§®‡•á ‡§°‡§æ‡§≤‡§æ ‡§µ‡•ã‡§ü... 21‚Ä¶",2024-04-19 03:47:16+00:00,0,4,0,"RT @aajtak: Lok Sabha Election 2024 Phase 1 Voting Live: Tamil Nadu CM Stalin, Rajasthan Chief Minister Bhajanlal Sharma cast their votes... 21‚Ä¶",Neutral,95.46
40,1781166817395761466,"Lok Sabha Election 2024 Phase 1 Voting Live: ‡§§‡§Æ‡§ø‡§≤‡§®‡§æ‡§°‡•Å ‡§ï‡•á ‡§∏‡•Ä‡§è‡§Æ ‡§∏‡•ç‡§ü‡§æ‡§≤‡§ø‡§®, ‡§∞‡§æ‡§ú‡§∏‡•ç‡§•‡§æ‡§® ‡§ï‡•á ‡§Æ‡•Å‡§ñ‡•ç‡§Ø‡§Æ‡§Ç‡§§‡•ç‡§∞‡•Ä ‡§≠‡§ú‡§®‡§≤‡§æ‡§≤ ‡§∂‡§∞‡•ç‡§Æ‡§æ ‡§®‡•á ‡§°‡§æ‡§≤‡§æ ‡§µ‡•ã‡§ü... 21 ‡§∞‡§æ‡§ú‡•ç‡§Ø‡•ã‡§Ç ‡§ï‡•Ä 102 ‡§∏‡•Ä‡§ü‡•ã‡§Ç ‡§™‡§∞ ‡§µ‡•ã‡§ü‡§ø‡§Ç‡§ó

#LokSabhaElection2024 #LokSabha 

https://t.co/yq31rfg4cV https://t.co/AU3DRK177N",2024-04-19 03:43:56+00:00,17,4,3446,"Lok Sabha Election 2024 Phase 1 Voting Live: Tamil Nadu CM Stalin, Rajasthan Chief Minister Bhajanlal Sharma cast their votes... Voting on 102 seats in 21 states

#LokSabhaElection2024 #LokSabha

https://t.co/yq31rfg4cV https://t.co/AU3DRK177N",Neutral,96.78999999999999
41,1781165532844380331,"RT @the_hindu: #ElectionsWithTheHindu | Voting for the first phase of the 2024 #LokSabha elections began on April 19 in 102 constituencies,‚Ä¶",2024-04-19 03:38:50+00:00,0,12,0,"RT @the_hindu: #ElectionsWithTheHindu | Voting for the first phase of the 2024 #LokSabha elections began on April 19 in 102 constituencies,‚Ä¶",Neutral,97.0
42,1781164800166580249,"RT @moneycontrolcom: The 2024 #LokSabha elections commence today! As 102 seats across 21 States and UTs go to the polls, I urge all those v‚Ä¶",2024-04-19 03:35:55+00:00,0,1,0,"RT @moneycontrolcom: The 2024 #LokSabha elections commence today! As 102 seats across 21 States and UTs go to the polls, I urge all those v‚Ä¶",Positive,60.92999999999999
43,1781164789705888245,"RT @moneycontrolcom: Lok Sabha Election 2024 Phase 1 Voting Live: PM Modi urges massive voter turnout as voting kicks off across India

Cat‚Ä¶",2024-04-19 03:35:52+00:00,0,2,0,"RT @moneycontrolcom: Lok Sabha Election 2024 Phase 1 Voting Live: PM Modi urges massive voter turnout as voting kicks off across India

Cat‚Ä¶",Neutral,85.59
44,1781162668151504915,"Lok Sabha Elections 2024 : ‡§Æ‡§§‡§¶‡§æ‡§®‡§æ‡§ö‡§æ ‡§ü‡§ï‡•ç‡§ï‡§æ ‡§µ‡§æ‡§¢‡§µ‡§ø‡§£‡•ç‡§Ø‡§æ‡§∏‡§æ‡§†‡•Ä ‡•ß‡•¨ ‡§∏‡§¶‡§ø‡§ö‡•ç‡§õ‡§æ‡§¶‡•Ç‡§§‡§æ‡§Ç‡§ö‡•Ä ‡§Æ‡§¶‡§§
 https://t.co/tmVxWEWSAG

#loksabha #loksabhaelection #loksabhaelection2024",2024-04-19 03:27:27+00:00,0,0,53,"Lok Sabha Elections 2024 : Help of 16 volunteers to increase voter turnout
 https://t.co/tmVxWEWSAG

#loksabha #loksabhaelection #loksabhaelection2024",Positive,67.09
45,1781162322813194687,"Lok Sabha Elections 2024 Google Doodle: ‡§≤‡•ã‡§ï‡§∏‡§≠‡§æ ‡§ö‡•Å‡§®‡§æ‡§µ ‡§ï‡•á ‡§™‡§π‡§≤‡•á ‡§ö‡§∞‡§£ ‡§ï‡•ã ‡§≤‡•á‡§ï‡§∞ ‡§ó‡•Ç‡§ó‡§≤ ‡§ï‡§æ ‡§ñ‡§æ‡§∏ ‡§°‡•Ç‡§°‡§≤, ‡§≤‡•ã‡§ï‡§§‡§Ç‡§§‡•ç‡§∞ ‡§ï‡•á ‡§Æ‡§π‡§æ‡§™‡§∞‡•ç‡§µ ‡§ï‡•ã ‡§ï‡§∞ ‡§∞‡§π‡§æ ‡§∏‡•á‡§≤‡§ø‡§¨‡•ç‡§∞‡•á‡§ü 
#HindiNews #LokSabhaElection2024 #LokSabhaElections2024 #LokSabha #Google #Doodle
https://t.co/6v7NyzNe9y",2024-04-19 03:26:04+00:00,0,0,22,"Lok Sabha Elections 2024 Google Doodle: Google's special doodle for the first phase of Lok Sabha elections, celebrating the great festival of democracy.
#HindiNews #LokSabhaElection2024 #LokSabhaElections2024 #LokSabha #Google #Doodle
https://t.co/6v7NyzNe9y",Positive,81.63
46,1781162081619784091,"Lok Sabha election 2024 LIVE: ‡§≤‡•ã‡§ï‡§∏‡§≠‡§æ ‡§ö‡•Å‡§®‡§æ‡§µ ‡§ï‡§æ ‡§¨‡§ú‡§æ ‡§¨‡§ø‡§ó‡•Å‡§≤, ‡§™‡§π‡§≤‡•á ‡§ö‡§∞‡§£ ‡§ï‡•á ‡§§‡§π‡§§ 102 ‡§∏‡•Ä‡§ü‡•ã‡§Ç ‡§™‡§∞ ‡§µ‡•ã‡§ü‡§ø‡§Ç‡§ó ‡§∂‡•Å‡§∞‡•Ç

#LoksabhaElections #Elections #FirstPhase #Voting #ElectionCommission #loksabha #Democracy   https://t.co/ZwlV0xjFyq https://t.co/oBAUwkQqt8",2024-04-19 03:25:07+00:00,1,0,39,"Lok Sabha election 2024 LIVE: Bugle sounds for Lok Sabha elections, voting begins on 102 seats under the first phase

#LoksabhaElections #Elections #FirstPhase #Voting #ElectionCommission #loksabha #Democracy https://t.co/ZwlV0xjFyq https://t.co/oBAUwkQqt8",Neutral,93.32000000000001
47,1781161873242837399,"RT @saada186: #BREAKING 

#India votes in #LokSabha polls, 102 seats, big test in #TamilNadu - 
#pakustv #NYC #Election2024 #NDAAlliance #M‚Ä¶",2024-04-19 03:24:17+00:00,0,1,0,"RT @saada186: #BREAKING 

#India votes in #LokSabha polls, 102 seats, big test in #TamilNadu - 
#pakustv #NYC #Election2024 #NDAAlliance #M‚Ä¶",Neutral,65.97
48,1781161259347415532,"#BREAKING 

#India votes in #LokSabha polls, 102 seats, big test in #TamilNadu - 
#pakustv #NYC #Election2024 #NDAAlliance #ModiGovt #LokSabhaElections2024
https://t.co/L8pB6M4FFx",2024-04-19 03:21:51+00:00,1,1,132,"#BREAKING 

#India votes in #LokSabha polls, 102 seats, big test in #TamilNadu - 
#pakustv #NYC #Election2024 #NDAAlliance #ModiGovt #LokSabhaElections2024
https://t.co/L8pB6M4FFx",Neutral,44.34
49,1781159531877478697,"RT @the_hindu: #ElectionsWithTheHindu | Voting for the first phase of the 2024 #LokSabha elections began on April 19 in 102 constituencies,‚Ä¶",2024-04-19 03:14:59+00:00,0,12,0,"RT @the_hindu: #ElectionsWithTheHindu | Voting for the first phase of the 2024 #LokSabha elections began on April 19 in 102 constituencies,‚Ä¶",Neutral,97.0
50,1781157942550724958,"Lok Sabha Election 2024 Phase 1: ‡§≠‡§ú‡§®‡§≤‡§æ‡§≤ ‡§∂‡§∞‡•ç‡§Æ‡§æ ‡§®‡•á ‡§ú‡§Ø‡§™‡•Å‡§∞ ‡§Æ‡•á‡§Ç ‡§°‡§æ‡§≤‡§æ ‡§µ‡•ã‡§ü 
#Vote4INDIA #INDIAAlliance #GodMorningFriday #LokSabha #SP #BSP #RLD 
https://t.co/E3DO4xqfOh",2024-04-19 03:08:40+00:00,0,1,28,"Lok Sabha Election 2024 Phase 1: Bhajanlal Sharma casts vote in Jaipur
#Vote4INDIA #INDIAAlliance #GodMorningFriday #LokSabha #SP #BSP #RLD
https://t.co/E3DO4xqfOh",Neutral,76.91
51,1781156641452535994,"'‡™≤‡´ã‡™ï‡™§‡™Ç‡™§‡´ç‡™∞‡™Æ‡™æ‡™Ç ‡™¶‡™∞‡´á‡™ï ‡™Æ‡™§ ‡™ï‡™ø‡™Ç‡™Æ‡™§‡´Ä ‡™õ‡´á ‡™Ö‡™®‡´á ‡™¶‡™∞‡´á‡™ï ‡™Ö‡™µ‡™æ‡™ú‡™®‡´Å‡™Ç ‡™Æ‡™π‡™§‡´ç‡™µ ‡™õ‡´á', PM ‡™Æ‡´ã‡™¶‡´Ä‡™è ‡™´‡™∞‡´ç‡™∏‡´ç‡™ü ‡™ü‡™æ‡™à‡™Æ ‡™µ‡´ã‡™ü‡™∞‡´ã‡™®‡´á ‡™ï‡™∞‡´Ä ‡™ñ‡™æ‡™∏ ‡™Ö‡™™‡´Ä‡™≤

More Details: https://t.co/KyjUZ5XZx4

#PMNarendraModi #LokSabhaElection2024 #LokSabhaElections2024 #LokSabha #Election2024 #LokSabhaElection #voting #OneindiaGujarati https://t.co/0K4shBnvSM",2024-04-19 03:03:30+00:00,0,0,60,"'In a democracy every vote is precious and every voice is important', PM Modi made a special appeal to first time voters

More Details: https://t.co/KyjUZ5XZx4

#PMNarendraModi #LokSabhaElection2024 #LokSabhaElections2024 #LokSabha #Election2024 #LokSabhaElection #voting #OneindiaGujarati https://t.co/0K4shBnvSM",Positive,75.76
52,1781153186788860367,"The wind changed  in Rajasthan. Congress may win 5 to 10 seats (YouTube Video).
Rajasthan - 2024 Lok Sabha Elections - Analysis, Opinions and Opinion Polls.
https://t.co/SNNaUYkuvv
#India  #LokSabha  #Election  #Parliament  #MP  #Rajasthan",2024-04-19 02:49:46+00:00,0,0,21,"The wind changed  in Rajasthan. Congress may win 5 to 10 seats (YouTube Video).
Rajasthan - 2024 Lok Sabha Elections - Analysis, Opinions and Opinion Polls.
https://t.co/SNNaUYkuvv
#India  #LokSabha  #Election  #Parliament  #MP  #Rajasthan",Neutral,94.64
53,1781152850175050090,"RT @news18dotcom: Actor Ajith Kumar arrived at the polling booth in Chennai at 6:40 am to cast his vote 

Full story: https://t.co/eT6JDXVk‚Ä¶",2024-04-19 02:48:26+00:00,0,2,0,"RT @news18dotcom: Actor Ajith Kumar arrived at the polling booth in Chennai at 6:40 am to cast his vote 

Full story: https://t.co/eT6JDXVk‚Ä¶",Neutral,97.28999999999999
54,1781152565859917966,"Rajasthan - 2024 Lok Sabha Elections - 19 April 2024 Voting  Lok Sabha Constituencies and India Alliance Candidates.
Analysis, Opinions and Opinion Polls.
https://t.co/SNNaUYkuvv
#India  #LokSabha  #Election  #Parliament  #MP  #Rajasthan",2024-04-19 02:47:18+00:00,0,0,18,"Rajasthan - 2024 Lok Sabha Elections - 19 April 2024 Voting  Lok Sabha Constituencies and India Alliance Candidates.
Analysis, Opinions and Opinion Polls.
https://t.co/SNNaUYkuvv
#India  #LokSabha  #Election  #Parliament  #MP  #Rajasthan",Neutral,96.83
55,1781151090068816328,"RT @news18dotcom: Actor Ajith Kumar arrived at the polling booth in Chennai at 6:40 am to cast his vote 

Full story: https://t.co/eT6JDXVk‚Ä¶",2024-04-19 02:41:26+00:00,0,2,0,"RT @news18dotcom: Actor Ajith Kumar arrived at the polling booth in Chennai at 6:40 am to cast his vote 

Full story: https://t.co/eT6JDXVk‚Ä¶",Neutral,97.28999999999999
56,1781150695254786151,"'‡™≤‡´ã‡™ï‡™§‡™Ç‡™§‡´ç‡™∞‡™Æ‡™æ‡™Ç ‡™¶‡™∞‡´á‡™ï ‡™Æ‡™§ ‡™ï‡™ø‡™Ç‡™Æ‡™§‡´Ä ‡™õ‡´á ‡™Ö‡™®‡´á ‡™¶‡™∞‡´á‡™ï ‡™Ö‡™µ‡™æ‡™ú‡™®‡´Å ‡™Æ‡™π‡™§‡´ç‡™µ ‡™õ‡´á', ‡™™‡´Ä‡™è‡™Æ ‡™Æ‡´ã‡™¶‡´Ä‡™è ‡™´‡™∞‡´ç‡™∏‡´ç‡™ü ‡™ü‡™æ‡™à‡™Æ ‡™µ‡´ã‡™ü‡™∞‡´ã‡™®‡´á ‡™ï‡™∞‡´Ä ‡™ñ‡™æ‡™∏ ‡™Ö‡™™‡´Ä‡™≤

#PMNarendraModi #LokSabhaElection2024 #LokSabhaElections2024 #LokSabha #Election2024 #LokSabhaElection #voting #NationalNews #OneindiaGujarati 

https://t.co/KyjUZ5XZx4",2024-04-19 02:39:52+00:00,0,0,50,"'In a democracy, every vote is precious and every voice is important', PM Modi made a special appeal to first-time voters.

#PMNarendraModi #LokSabhaElection2024 #LokSabhaElections2024 #LokSabha #Election2024 #LokSabhaElection #voting #NationalNews #OneindiaGujarati

https://t.co/KyjUZ5XZx4",Positive,78.47
57,1781150278974324919,"RT @the_hindu: #ElectionsWithTheHindu | Voting for the first phase of the 2024 #LokSabha elections began on April 19 in 102 constituencies,‚Ä¶",2024-04-19 02:38:13+00:00,0,12,0,"RT @the_hindu: #ElectionsWithTheHindu | Voting for the first phase of the 2024 #LokSabha elections began on April 19 in 102 constituencies,‚Ä¶",Neutral,97.0
58,1781150111755915601,RT @THChennai: #ElectionsWithTheHindu | Polling began in all the 39 #LokSabha seats in TN in the first phase of the 2024 general elections‚Ä¶,2024-04-19 02:37:33+00:00,0,3,0,RT @THChennai: #ElectionsWithTheHindu | Polling began in all the 39 #LokSabha seats in TN in the first phase of the 2024 general elections‚Ä¶,Neutral,96.77
59,1781149791239725465,"RT @the_hindu: #ElectionsWithTheHindu | Voting for the first phase of the 2024 #LokSabha elections began on April 19 in 102 constituencies,‚Ä¶",2024-04-19 02:36:17+00:00,0,12,0,"RT @the_hindu: #ElectionsWithTheHindu | Voting for the first phase of the 2024 #LokSabha elections began on April 19 in 102 constituencies,‚Ä¶",Neutral,97.0
60,1781149721949610249,"RT @the_hindu: #ElectionsWithTheHindu | Voting for the first phase of the 2024 #LokSabha elections began on April 19 in 102 constituencies,‚Ä¶",2024-04-19 02:36:00+00:00,0,12,0,"RT @the_hindu: #ElectionsWithTheHindu | Voting for the first phase of the 2024 #LokSabha elections began on April 19 in 102 constituencies,‚Ä¶",Neutral,97.0
61,1781148926667620668,"Actor Ajith Kumar arrived at the polling booth in Chennai at 6:40 am to cast his vote 

Full story: https://t.co/eT6JDXVki9

#ajith #ajithkumar #chennai #tamilnadu #loksabhaelections #elections #loksabha #news #movies https://t.co/pZHe5T7Sos",2024-04-19 02:32:50+00:00,2,2,382,"Actor Ajith Kumar arrived at the polling booth in Chennai at 6:40 am to cast his vote 

Full story: https://t.co/eT6JDXVki9

#ajith #ajithkumar #chennai #tamilnadu #loksabhaelections #elections #loksabha #news #movies https://t.co/pZHe5T7Sos",Neutral,97.24000000000001
62,1781147263798296956,"Tamil Nadu - 2024 Lok Sabha Elections 19 April 2024 Voting  Lok Sabha Constituencies and India Alliance Candidates.
Analysis, Opinions and Opinion Polls.
https://t.co/YT2jHEiVzO
#India  #LokSabha  #Election  #Parliament  #MP  #TamilNadu  #LokSabhaElection2024",2024-04-19 02:26:14+00:00,0,0,92,"Tamil Nadu - 2024 Lok Sabha Elections 19 April 2024 Voting  Lok Sabha Constituencies and India Alliance Candidates.
Analysis, Opinions and Opinion Polls.
https://t.co/YT2jHEiVzO
#India  #LokSabha  #Election  #Parliament  #MP  #TamilNadu  #LokSabhaElection2024",Neutral,96.82
63,1781147112119669034,"RT @shreshtbharattv: #LokSabhaElections2024 : #RSS ‡§™‡•ç‡§∞‡§Æ‡•Å‡§ñ ‡§®‡•á ‡§®‡§æ‡§ó‡§™‡•Å‡§∞ ‡§Æ‡•á‡§Ç ‡§°‡§æ‡§≤‡§æ ‡§µ‡•ã‡§ü, ‡§™‡•Ä‡§è‡§Æ ‡§Æ‡•ã‡§¶‡•Ä ‡§®‡•á ‡§ï‡§π‡•Ä ‡§Ø‡•á ‡§¨‡§æ‡§§ 
#Vote4INDIA #INDIAAlliance #GodM‚Ä¶",2024-04-19 02:25:38+00:00,0,2,0,"RT @shreshtbharattv: #LokSabhaElections2024: #RSS chief casts his vote in Nagpur, PM Modi said this
#Vote4INDIA #INDIAAlliance #GodM‚Ä¶",Neutral,65.84
64,1781145967653503264,"Polling is being held in both of #LokSabha seats in #Meghalaya in the first phase of #LokSabhaElections2024 

Track #LIVE updates https://t.co/mGmEZsRZNc 

#BattleForBharat #ElectionsWithNews18 https://t.co/DqB2AB5qVq",2024-04-19 02:21:05+00:00,1,0,1300,"Polling is being held in both of #LokSabha seats in #Meghalaya in the first phase of #LokSabhaElections2024 

Track #LIVE updates https://t.co/mGmEZsRZNc 

#BattleForBharat #ElectionsWithNews18 https://t.co/DqB2AB5qVq",Neutral,97.76
65,1781144366595338704,"#LokSabhaElections2024 : #RSS ‡§™‡•ç‡§∞‡§Æ‡•Å‡§ñ ‡§®‡•á ‡§®‡§æ‡§ó‡§™‡•Å‡§∞ ‡§Æ‡•á‡§Ç ‡§°‡§æ‡§≤‡§æ ‡§µ‡•ã‡§ü, ‡§™‡•Ä‡§è‡§Æ ‡§Æ‡•ã‡§¶‡•Ä ‡§®‡•á ‡§ï‡§π‡•Ä ‡§Ø‡•á ‡§¨‡§æ‡§§ 
#Vote4INDIA #INDIAAlliance #GodMorningFriday #LokSabha #SP #BSP #RLD
https://t.co/E3DO4xqfOh",2024-04-19 02:14:43+00:00,2,2,66,"#LokSabhaElections2024: #RSS chief casts vote in Nagpur, PM Modi said this
#Vote4INDIA #INDIAAlliance #GodMorningFriday #LokSabha #SP #BSP #RLD
https://t.co/E3DO4xqfOh",Neutral,71.83
66,1781143389725229521,"RT @moneycontrolcom: Lok Sabha Election 2024 Phase 1 Voting Live: PM Modi urges massive voter turnout as voting kicks off across India

Cat‚Ä¶",2024-04-19 02:10:50+00:00,0,2,0,"RT @moneycontrolcom: Lok Sabha Election 2024 Phase 1 Voting Live: PM Modi urges massive voter turnout as voting kicks off across India

Cat‚Ä¶",Neutral,85.59
67,1781143230152601902,"The 2024 #LokSabha elections commence today! As 102 seats across 21 States and UTs go to the polls, I urge all those voting in these seats to exercise their franchise in record numbers, urges #PMModi, as #Phase1 of #LokSabhaElections2024 is set to begin today https://t.co/F9ANIlh5cF https://t.co/wOzIMY5Z23",2024-04-19 02:10:12+00:00,4,1,1986,"The 2024 #LokSabha elections commence today! As 102 seats across 21 States and UTs go to the polls, I urge all those voting in these seats to exercise their franchise in record numbers, urges #PMModi, as #Phase1 of #LokSabhaElections2024 is set to begin today https://t.co/F9ANIlh5cF https://t.co/wOzIMY5Z23",Positive,69.98
68,1781141543115804984,"RT @the_hindu: #ElectionsWithTheHindu | Voting for the first phase of the 2024 #LokSabha elections began on April 19 in 102 constituencies,‚Ä¶",2024-04-19 02:03:30+00:00,0,12,0,"RT @the_hindu: #ElectionsWithTheHindu | Voting for the first phase of the 2024 #LokSabha elections began on April 19 in 102 constituencies,‚Ä¶",Neutral,97.0
69,1781140938665967947,"‡§™‡§π‡§≤‡•á ‡§ö‡§∞‡§£ ‡§π‡•Ä 15 VIP ‡§∏‡•Ä‡§ü‡•á‡§Ç ‡§™‡§∞ ‡§µ‡•ã‡§ü‡§ø‡§Ç‡§ó ‡§Ü‡§ú, ‡§ó‡§°‡§º‡§ï‡§∞‡•Ä ‡§∏‡•á ‡§≤‡•á‡§ï‡§∞ ‡§ó‡§π‡§≤‡•ã‡§§ ‡§§‡§ï ‡§ï‡•Ä ‡§ï‡•ç‡§Ø‡§æ ‡§™‡•Ç‡§∞‡•Ä ‡§π‡•ã‡§ó‡•Ä ‡§â‡§Æ‡•ç‡§Æ‡•Ä‡§¶?

#LokSabhaelections #WestUP #paramilitaryforces #drones #NDA #LokSabha #bjp #congress

 https://t.co/Pm2PDcNZVF",2024-04-19 02:01:06+00:00,2,0,40,"Voting on 15 VIP seats in the first phase today, what hopes will be fulfilled from Gadkari to Gehlot?

#LokSabhaelections #WestUP #paramilitaryforces #drones #NDA #LokSabha #bjp #congress

 https://t.co/Pm2PDcNZVF",Neutral,58.64
70,1781140864934310035,"#ElectionsWithTheHindu | Polling began in all the 39 #LokSabha seats in TN in the first phase of the 2024 general elections as the #BJP‚Äôs ambition to emerge as a force challenging Dravidian parties in the State will be tested. 

 Follow live updates here: https://t.co/XkuH6QrcS0",2024-04-19 02:00:48+00:00,16,3,3860,"#ElectionsWithTheHindu | Polling began in all the 39 #LokSabha seats in TN in the first phase of the 2024 general elections as the #BJP‚Äôs ambition to emerge as a force challenging Dravidian parties in the State will be tested. 

 Follow live updates here: https://t.co/XkuH6QrcS0",Neutral,83.48
71,1781140736244945025,"Loksabha Election 2024:  ‡™Ü‡™ú‡´á ‡™™‡´ç‡™∞‡™•‡™Æ ‡™§‡™¨‡™ï‡´ç‡™ï‡™æ‡™®‡´Å‡™Ç ‡™Æ‡™§‡™¶‡™æ‡™®... ‡™Ü 10 ‡™ß‡™®‡™ø‡™ï ‡™â‡™Æ‡´á‡™¶‡™µ‡™æ‡™∞‡´ã‡™®‡´Å‡™Ç ‡™≠‡™æ‡™µ‡™ø EVM‡™Æ‡™æ‡™Ç ‡™•‡™∂‡´á ‡™ï‡´á‡™¶
https://t.co/91jibtwm7K
#NakulNath #LokSabha #LokSabhaElection2024 #Elections2024 #elections",2024-04-19 02:00:18+00:00,0,0,26,"Loksabha Election 2024: First phase voting today... The fate of these 10 rich candidates will be locked in EVMs
https://t.co/91jibtwm7K
#NakulNath #LokSabha #LokSabhaElection2024 #Elections2024 #elections",Negative,69.57
72,1781140065244078565,"Lok Sabha Election 2024 Phase 1 Voting Live: PM Modi urges massive voter turnout as voting kicks off across India

Catch the latest updates here‚è¨
https://t.co/1SPDncBSri

#LokSabha #Election #Phase1 #Voting #PMModi #Voter #India https://t.co/7vpH4c9WJS",2024-04-19 01:57:38+00:00,6,2,3375,"Lok Sabha Election 2024 Phase 1 Voting Live: PM Modi urges massive voter turnout as voting kicks off across India

Catch the latest updates here‚è¨
https://t.co/1SPDncBSri

#LokSabha #Election #Phase1 #Voting #PMModi #Voter #India https://t.co/7vpH4c9WJS",Neutral,89.09
73,1781139818451447920,"Madhya Pradesh - 2024 Lok Sabha Elections - 19 April 2024  #Voting  Lok Sabha Constituencies and India Alliance Candidates.
Analysis, Opinions and Opinion Polls.
https://t.co/gqbBDBK1eR
#India  #LokSabha  #Election  #Parliament  #MP   #MadhyaPradesh #LokSabhaElection2024",2024-04-19 01:56:39+00:00,0,0,42,"Madhya Pradesh - 2024 Lok Sabha Elections - 19 April 2024 #Voting Lok Sabha Constituencies and India Alliance Candidates.
Analysis, Opinions and Opinion Polls.
https://t.co/gqbBDBK1eR
#India #LokSabha #Election #Parliament #MP #MadhyaPradesh #LokSabhaElection2024",Neutral,96.84
74,1781139725786788305,"Bihar - 2024 Lok Sabha Elections - 19 April 2024 Voting  Lok Sabha Constituencies and India Alliance Candidates.
 Analysis, Opinions and Opinion Polls.
https://t.co/t55ya5c6lB 
#India  #LokSabha  #Election  #Parliament  #MP  #Bihar   #LokSabhaElection2024",2024-04-19 01:56:17+00:00,0,0,39,"Bihar - 2024 Lok Sabha Elections - 19 April 2024 Voting  Lok Sabha Constituencies and India Alliance Candidates.
 Analysis, Opinions and Opinion Polls.
https://t.co/t55ya5c6lB 
#India  #LokSabha  #Election  #Parliament  #MP  #Bihar   #LokSabhaElection2024",Neutral,96.33
75,1781139664365326475,"Assam - 2024 Lok Sabha Elections - 19 April 2024 Voting  Lok Sabha Constituencies and India Alliance Candidates.
 Analysis, Opinions and Opinion Polls.
https://t.co/xnZFREaoj9
#India  #LokSabha  #Election  #Parliament  #MP  #Assam  #LokSabhaElection2024",2024-04-19 01:56:02+00:00,0,0,48,"Assam - 2024 Lok Sabha Elections - 19 April 2024 Voting  Lok Sabha Constituencies and India Alliance Candidates.
 Analysis, Opinions and Opinion Polls.
https://t.co/xnZFREaoj9
#India  #LokSabha  #Election  #Parliament  #MP  #Assam  #LokSabhaElection2024",Neutral,96.7
76,1781139604646822324,"Arunachal Pradesh - 2024 Lok Sabha Elections - 19 April 2024 Voting  Lok Sabha Constituencies and India Alliance Candidates.
 Analysis, Opinions and Opinion Polls.
https://t.co/p2xnvkRvHA
#India  #LokSabha  #Election  #Parliament  #MP  #ArunachalPradesh  #LokSabhaElection2024",2024-04-19 01:55:48+00:00,0,0,42,"Arunachal Pradesh - 2024 Lok Sabha Elections - 19 April 2024 Voting  Lok Sabha Constituencies and India Alliance Candidates.
 Analysis, Opinions and Opinion Polls.
https://t.co/p2xnvkRvHA
#India  #LokSabha  #Election  #Parliament  #MP  #ArunachalPradesh  #LokSabhaElection2024",Neutral,97.03
77,1781138888997609589,"From polling dates, key candidates to constituencies, get all the essential information that one needs before casting vote 

Full story: https://t.co/F9hT6HNmI2

#loksabhaelections #loksabha #elections #india #voting #loksabhapolls #BattleForBharat #ElectionsWithNews18 https://t.co/yWpJReFv6x",2024-04-19 01:52:57+00:00,0,0,1214,"From polling dates, key candidates to constituencies, get all the essential information that one needs before casting vote 

Full story: https://t.co/F9hT6HNmI2

#loksabhaelections #loksabha #elections #india #voting #loksabhapolls #BattleForBharat #ElectionsWithNews18 https://t.co/yWpJReFv6x",Neutral,94.77
78,1781138646969844133,RT @the_hindu: #ElectionsWithTheHindu | Polling began in all the 39 #LokSabha seats in TN in the first phase of the 2024 general elections‚Ä¶,2024-04-19 01:52:00+00:00,0,1,0,RT @the_hindu: #ElectionsWithTheHindu | Polling began in all the 39 #LokSabha seats in TN in the first phase of the 2024 general elections‚Ä¶,Neutral,96.71
79,1781137457167163690,"#ElectionsWithTheHindu | Polling began in all the 39 #LokSabha seats in TN in the first phase of the 2024 general elections as the #BJP‚Äôs ambition to emerge as a force challenging Dravidian parties in the State will be tested.

Follow live updates here:
https://t.co/Rtnm2k2qNd",2024-04-19 01:47:16+00:00,12,1,3905,"#ElectionsWithTheHindu | Polling began in all the 39 #LokSabha seats in TN in the first phase of the 2024 general elections as the #BJP‚Äôs ambition to emerge as a force challenging Dravidian parties in the State will be tested.

Follow live updates here:
https://t.co/Rtnm2k2qNd",Neutral,83.56
80,1781137121803161982,"Voting for the first phase of Lok Sabha elections has begun on 102 seats spread across 21 states and Union Territories, Indian media reports said.
https://t.co/1oNfDAso4D
#Khabarhub #India #Loksabha #Election",2024-04-19 01:45:56+00:00,0,0,29,"Voting for the first phase of Lok Sabha elections has begun on 102 seats spread across 21 states and Union Territories, Indian media reports said.
https://t.co/1oNfDAso4D
#Khabarhub #India #Loksabha #Election",Neutral,94.07
81,1781135949885563163,"RT @the_hindu: #ElectionsWithTheHindu | Voting for the first phase of the 2024 #LokSabha elections began on April 19 in 102 constituencies,‚Ä¶",2024-04-19 01:41:17+00:00,0,12,0,"RT @the_hindu: #ElectionsWithTheHindu | Voting for the first phase of the 2024 #LokSabha elections began on April 19 in 102 constituencies,‚Ä¶",Neutral,97.0
82,1781135562079961349,"#ElectionsWithTheHindu | Voting for the first phase of the 2024 #LokSabha elections began on April 19 in 102 constituencies, across 17 States and four Union Territories.

Follow live updates here: https://t.co/fPmmsyKDQx",2024-04-19 01:39:44+00:00,89,12,27510,"#ElectionsWithTheHindu | Voting for the first phase of the 2024 #LokSabha elections began on April 19 in 102 constituencies, across 17 States and four Union Territories.

Follow live updates here: https://t.co/fPmmsyKDQx",Neutral,96.09
83,1781133997676060733,"Polling Booth Search : ‡™Æ‡™§‡™¶‡™æ‡™® ‡™ï‡™∞‡™µ‡™æ ‡™Æ‡™æ‡™ó‡´ã ‡™õ‡´ã ‡™™‡™∞‡™Ç‡™§‡´Å ‡™Æ‡™§‡™¶‡™æ‡™® ‡™Æ‡™•‡™ï ‡™®‡™•‡´Ä ‡™ñ‡™¨‡™∞ ? ‡™Ü 2 ‡™∞‡´Ä‡™§‡´á ‡™ú‡™æ‡™£‡´ã

#PollingBoothSearch #LokSabha #Election

https://t.co/6fILRsqqqG",2024-04-19 01:33:31+00:00,0,0,282,"Polling Booth Search: Want to vote but don't know the polling booth? Learn this in 2 ways

#PollingBoothSearch #LokSabha #Election

https://t.co/6fILRsqqqG",Neutral,95.21
84,1781133627746640295,"Phase 1 of India's 2024 Lok Sabha elections is underway, covering 102 seats across 21 states. 

With 900 million voters participating, the world's largest democracy sees fierce competition from BJP, Congress, and regional parties. 

#IndiaElections2024 #LokSabha‚Ä¶ https://t.co/nJfP4VxkwM https://t.co/mkWITRnNTj",2024-04-19 01:32:03+00:00,0,0,15,"Phase 1 of India's 2024 Lok Sabha elections is underway, covering 102 seats across 21 states. 

With 900 million voters participating, the world's largest democracy sees fierce competition from BJP, Congress, and regional parties. 

#IndiaElections2024 #LokSabha‚Ä¶ https://t.co/nJfP4VxkwM https://t.co/mkWITRnNTj",Positive,48.41
85,1781133622189125688,"Lok Sabha¬†Election 2024
Your Vote is Your Voice 

#loksabha #india #rajyasabha #bjp #parliament #narendramodi #politics #modi #loksabhaelections #election #elections #indianpolitics #indianarmy #shaadidukaan https://t.co/0igCXYf4IH",2024-04-19 01:32:02+00:00,0,0,13,"Lok Sabha Election 2024
Your Vote is Your Voice

#loksabha #india #rajyasabha #bjp #parliament #narendramodi #politics #modi #loksabhaelections #election #elections #indianpolitics #indianarmy #shaadidukaan https://t.co/0igCXYf4IH",Neutral,48.58
86,1781129831364853831,"Loksabha Elections 2024- to be held in India from 19 April 2024 to 1 June 2024 to elect the 543 members of the 18th Lok Sabha, in seven phases.
Get ready to VOTE!
-JaGo 
#loksabha #election #loksabhaelection2024 https://t.co/qTJ0oJSlNE",2024-04-19 01:16:58+00:00,1,0,54,"Loksabha Elections 2024- to be held in India from 19 April 2024 to 1 June 2024 to elect the 543 members of the 18th Lok Sabha, in seven phases.
Get ready to VOTE!
-JaGo 
#loksabha #election #loksabhaelection2024 https://t.co/qTJ0oJSlNE",Neutral,78.71000000000001
87,1781118011618865522,"YOUR VOTE IS YOUR RIGHT
MAKE IT COUNT
LOK SABHA ELECTION 2024
#Dinshaws4UAlways #VoteWithDinshaws #LokSabha #elections #vote #dairy #icecream #votenow #MyFirstVote #milk #strength #quality #best #tonedmilk #cow #enjoy #special #DinshawsMilk #viral #trendingnow #Election2024 https://t.co/P1iSbtTFYE",2024-04-19 00:30:00+00:00,1,0,57,"YOUR VOTE IS YOUR RIGHT
MAKE IT COUNT
LOK SABHA ELECTION 2024
#Dinshaws4UAlways #VoteWithDinshaws #LokSabha #elections #vote #dairy #icecream #votenow #MyFirstVote #milk #strength #quality #best #tonedmilk #cow #enjoy #special #DinshawsMilk #viral #trendingnow #Election2024 https://t.co/P1iSbtTFYE",Positive,90.46
88,1781049506030850520,"RT @newstrackmedia: Lok Sabha Elections 2024: BJP ‡§ï‡•Ä 13‡§µ‡•Ä‡§Ç ‡§≤‡§ø‡§∏‡•ç‡§ü ‡§ú‡§æ‡§∞‡•Ä, ‡§®‡§æ‡§∞‡§æ‡§Ø‡§£ ‡§∞‡§æ‡§£‡•á ‡§ï‡•ã ‡§∞‡§§‡•ç‡§®‡§æ‡§ó‡§ø‡§∞‡•Ä ‡§∏‡•á ‡§ü‡§ø‡§ï‡§ü

@BJP4India #BJP #BJP4India #BjpCan‚Ä¶",2024-04-18 19:57:47+00:00,0,1,0,"RT @newstrackmedia: Lok Sabha Elections 2024: BJP's 13th list released, Narayan Rane gets ticket from Ratnagiri.

@BJP4India #BJP #BJP4India #BjpCan‚Ä¶",Neutral,93.67999999999999
89,1781032472018620904,"RT @DDNewslive: #IssWaqt | Headlines @ 3

‚ñ∂Ô∏è 2024 #LokSabha elections to be held tomorrow in several states 
‚ñ∂Ô∏è NDA leaders hold public ral‚Ä¶",2024-04-18 18:50:05+00:00,0,2,0,"RT @DDNewslive: #IssWaqt | Headlines @ 3

‚ñ∂Ô∏è 2024 #LokSabha elections to be held tomorrow in several states 
‚ñ∂Ô∏è NDA leaders hold public ral‚Ä¶",Neutral,96.54
90,1781019767370875264,"RT @moneycontrolcom: #ElectionsWithMC | India gears up for its sixth #LokSabha election using #EVMs since 2004.

With #SupremeCourt dismiss‚Ä¶",2024-04-18 17:59:36+00:00,0,2,0,"RT @moneycontrolcom: #ElectionsWithMC | India gears up for its sixth #LokSabha election using #EVMs since 2004.

With #SupremeCourt dismiss‚Ä¶",Negative,70.62
91,1781018077859078464,"‡§∂‡§ø‡§∞‡•ç‡§°‡•Ä‡§ö‡•Ä ‡§ú‡§æ‡§ó‡§æ ‡§†‡§æ‡§ï‡§∞‡•á ‡§ó‡§ü‡§æ‡§≤‡§æ ‡§∏‡•ã‡§°‡§≤‡•ç‡§Ø‡§æ‡§®‡•á ‡§Æ‡§π‡§æ‡§∞‡§æ‡§∑‡•ç‡§ü‡•ç‡§∞ ‡§™‡•ç‡§∞‡§¶‡•á‡§∂ ‡§ï‡§æ‡§Å‡§ó‡•ç‡§∞‡•á‡§∏ ‡§ï‡§Æ‡§ø‡§ü‡•Ä‡§ö‡•ç‡§Ø‡§æ ‡§Æ‡§π‡§æ‡§∏‡§ö‡§ø‡§µ ‡§§‡§•‡§æ ‡§∞‡§æ‡§ú‡•ç‡§Ø ‡§Æ‡§π‡§ø‡§≤‡§æ ‡§Ü‡§Ø‡•ã‡§ó‡§æ‡§ö‡•ç‡§Ø‡§æ ‡§∏‡§¶‡§∏‡•ç‡§Ø‡§æ ‡§â‡§§‡•ç‡§ï‡§∞‡•ç‡§∑‡§æ ‡§∞‡•Ç‡§™‡§µ‡§§‡•á ‡§Ø‡§æ ‡§®‡§æ‡§∞‡§æ‡§ú ‡§π‡•ã‡§§‡•ç‡§Ø‡§æ.
#Shirdi #Loksabha #Election #VanchitBahujanAaghadi 

https://t.co/ktfy8n3Tf3",2024-04-18 17:52:54+00:00,5,0,267,"Maharashtra Pradesh Congress Committee General Secretary and State Women's Commission member Utkarsha Rupta was upset that the Shirdi seat was given to the Thackeray group.
#Shirdi #Loksabha #Election #VanchitBahujanAaghadi

https://t.co/ktfy8n3Tf3",Negative,76.28
92,1781013045202031039,"RT @moneycontrolcom: #ElectionsWithMC | India gears up for its sixth #LokSabha election using #EVMs since 2004.

With #SupremeCourt dismiss‚Ä¶",2024-04-18 17:32:54+00:00,0,2,0,"RT @moneycontrolcom: #ElectionsWithMC | India gears up for its sixth #LokSabha election using #EVMs since 2004.

With #SupremeCourt dismiss‚Ä¶",Negative,70.62
93,1781010983609340349,"Lok Sabha Elections 2024: Banks CLOSED in THESE cities on Friday, April 19 - FULL list

#LokSabhaElections2024 #LokSabha
https://t.co/gPA3lmenOa",2024-04-18 17:24:42+00:00,0,0,1776,"Lok Sabha Elections 2024: Banks CLOSED in THESE cities on Friday, April 19 - FULL list

#LokSabhaElections2024 #LokSabha
https://t.co/gPA3lmenOa",Neutral,96.92
94,1781001377340403889,"#LokSabha elections 2024: #TamilNadu all set to vote, #BJP sure to make major #headway #saveindia https://t.co/24mxiGPgPI‚Ä¶ https://t.co/kRLVz1hgIM‚Ä¶ https://t.co/uBskExQIQR‚Ä¶ ‡Æµ‡Øá‡Æ£‡Øç‡Æü‡ØÅ‡ÆÆ‡Øç.‡ÆÆ‡Øã‡Æü‡Æø.‡ÆÆ‡ØÄ‡Æ£‡Øç‡Æü‡ØÅ‡ÆÆ‡Øç ‡ÆÆ‡Øã‡Æü‡Æø ‡Æá‡Æ®‡Øç‡Æ§‡Æø‡ÆØ‡Ææ ‡Æï‡Ææ‡Æï‡Øç‡Æï #Vote for #YrFuture #children #women  https://t.co/AyndpK64VW",2024-04-18 16:46:32+00:00,0,0,9,"#LokSabha elections 2024: #TamilNadu all set to vote, #BJP sure to make major #headway #saveindia https://t.co/24mxiGPgPI‚Ä¶ https://t.co/kRLVz1hgIM‚Ä¶ https://t.co/ uBskExQIQR‚Ä¶ want.Modi.again Modi save India #Vote for #YrFuture #children #women https://t.co/AyndpK64VW",Positive,82.77
95,1781000601569996882,"#ElectionsWithMC | India gears up for its sixth #LokSabha election using #EVMs since 2004.

With #SupremeCourt dismissing calls to return to the traditional ballot paper system, let's weigh the pros and cons of both methods ‚¨áÔ∏è
https://t.co/iELwGJAowY

#LokSabhaElections2024‚Ä¶ https://t.co/RXdsqubAGC",2024-04-18 16:43:27+00:00,8,2,3390,"#ElectionsWithMC | India gears up for its sixth #LokSabha election using #EVMs since 2004.

With #SupremeCourt dismissing calls to return to the traditional ballot paper system, let's weigh the pros and cons of both methods ‚¨áÔ∏è
https://t.co/iELwGJAowY

#LokSabhaElections2024‚Ä¶ https://t.co/RXdsqubAGC",Negative,38.71
96,1780993960640758142,"RT @REAPHaridwar: Today on 18-04-24, in the #LokSabha General Elections 2024, in order to send parties to all the booths &amp; as the nodal for‚Ä¶",2024-04-18 16:17:04+00:00,0,1,0,"RT @REAPHaridwar: Today on 18-04-24, in the #LokSabha General Elections 2024, in order to send parties to all the booths &amp; as the nodal for‚Ä¶",Neutral,97.05
97,1780993767086158316,"General Elections 2024 - You can download your booth slip after searching your data with election id or mobile number, you can download in Pdf format - https://t.co/SeiDbyFm1s

#Elections #Elections2024 #vote #LokSabha #GeneralElections2024",2024-04-18 16:16:17+00:00,0,0,40,"General Elections 2024 - You can download your booth slip after searching your data with election id or mobile number, you can download in Pdf format - https://t.co/SeiDbyFm1s

#Elections #Elections2024 #vote #LokSabha #GeneralElections2024",Neutral,96.95
98,1780981386478076018,"Today on 18-04-24, in the #LokSabha General Elections 2024, in order to send parties to all the booths &amp; as the nodal for #webcasting, the webcasting assistant of assembly was sent to the booth.
#KM
@REAPUttarakhand
@ganeshjoshibjp
@ukcmo
@MoRD_GoI
@IFAD
@SANJAYK47559742 https://t.co/nnhr3KAjlN",2024-04-18 15:27:06+00:00,1,1,44,"Today on 18-04-24, in the #LokSabha General Elections 2024, in order to send parties to all the booths &amp; as the nodal for #webcasting, the webcasting assistant of assembly was sent to the booth.
#KM
@REAPUttarakhand
@ganeshjoshibjp
@ukcmo
@MoRD_GoI
@IFAD
@SANJAYK47559742 https://t.co/nnhr3KAjlN",Neutral,95.7
99,1780975560195465665,RT @the_hindu: #ElectionsWithTheHindu | #Congress has not won a #LokSabha seat in #Bengaluru city after 1999. #BJP has won all the Lok Sabh‚Ä¶,2024-04-18 15:03:57+00:00,0,4,0,RT @the_hindu: #ElectionsWithTheHindu | #Congress has not won a #LokSabha seat in #Bengaluru city after 1999. #BJP has won all the Lok Sabh‚Ä¶,Negative,71.46000000000001
