,tweet_ids,tweets text,created_at,like_count,retweet_count,impression_count,username,followers,image,location,toenglish,sentiment,percent
0,1.78111E+18,"RT @sk_Jagannath: Congress corporator couldn't protect his daughter in Karnataka.
Save our sister from this Jihadi illiterate bastards 
#Ju‚Ä¶",2024-04-18 23:44:02+00:00,0,4,0,Nagaraj16753363,29,https://pbs.twimg.com/profile_images/1603828223628161024/_N9ealaB_normal.jpg,‡≤π‡≤∞‡≤®‡≥Ç‡≤∞ ,"RT @sk_Jagannath: Congress corporator couldn't protect his daughter in Karnataka.
Save our sister from this Jihadi illiterate bastards 
#Ju‚Ä¶",Negative,89.97
1,1.7811E+18,RT @OMKARSINGH1992: @zoo_bear This is a grave and appalling incident in Hubballi. Violence and aggression have no place in society. My hear‚Ä¶,2024-04-18 23:25:44+00:00,0,2,0,Hindihetu,162,https://abs.twimg.com/sticky/default_profile_images/default_profile_normal.png,‡§≠‡§æ‡§∞‡§§,RT @OMKARSINGH1992: @zoo_bear This is a grave and appalling incident in Hubballi. Violence and aggression have no place in society. My hear‚Ä¶,Negative,88.09
2,1.78108E+18,"RT @anuja_walekar: I never thought of this .. that this thing will ever happen with one of my friend 
We miss you, but we know you are in a‚Ä¶",2024-04-18 22:01:36+00:00,0,6,0,KarandeKaushik,30,https://pbs.twimg.com/profile_images/1708008677767299072/0AXQfakd_normal.jpg,Bharat,"RT @anuja_walekar: I never thought of this .. that this thing will ever happen with one of my friend 
We miss you, but we know you are in a‚Ä¶",Positive,67.66
3,1.78108E+18,"@AJayAWhy Very true !! 
And recently #justiceforneha https://t.co/nKLSMUPF52",2024-04-18 21:44:36+00:00,0,0,143,vadi_raaj,5,https://pbs.twimg.com/profile_images/1753112930168844289/BDgkvLZ1_normal.png,,"@AJayAWhy Very true !! 
And recently #justiceforneha https://t.co/nKLSMUPF52",Positive,77.03
4,1.78106E+18,@AdityaRajKaul #JusticeForNeha,2024-04-18 20:54:20+00:00,0,0,347,m0hamedsaifulla,9,https://pbs.twimg.com/profile_images/1678731811931971584/6lm9TrZa_normal.jpg,"Tumkur, India",@AdityaRajKaul #JusticeForNeha,Positive,57.64
5,1.78106E+18,#LoveJihad #NehaHiremath #JusticeForNeha #Hubballi #Karnatak #jihad https://t.co/zAQwCBWNEV,2024-04-18 20:53:42+00:00,0,0,0,DirectKhabars,0,https://pbs.twimg.com/profile_images/1765012719843852288/2gNH1vRj_normal.png,,#LoveJihad #NehaHiremath #JusticeForNeha #Hubballi #Karnatak #jihad https://t.co/zAQwCBWNEV,Positive,82.48
6,1.78105E+18,@Nikhilsingh21_ #justiceforneha,2024-04-18 20:19:17+00:00,2,0,125,kanak_anil88895,0,https://pbs.twimg.com/profile_images/1676659752351436801/4PZ89phV_normal.png,,@Nikhilsingh21_ #justiceforneha,Positive,53.41
7,1.78105E+18,"RT @Shylaja_Sakura: As the evidence is clear, the murderer Fayaz should be hanged immediately

#JusticeForNeha  üò¢üò¢",2024-04-18 20:12:30+00:00,0,15,0,UgramSimham,13,https://pbs.twimg.com/profile_images/1719462200274747392/yULKeVoZ_normal.jpg,Bhagyanagar,"RT @Shylaja_Sakura: As the evidence is clear, the murderer Fayaz should be hanged immediately

#JusticeForNeha  üò¢üò¢",Negative,73.96
8,1.78105E+18,#justiceforNeha https://t.co/zvkeYEDqbE,2024-04-18 20:06:48+00:00,0,0,13,JayateerthB,59,https://pbs.twimg.com/profile_images/1614859581976608770/HmlGIMH0_normal.jpg,Hubballi,#justiceforNeha https://t.co/zvkeYEDqbE,Positive,40.76
9,1.78105E+18,"Horrifying news from Hubli, Karnataka: 21-year-old college student Neha Hiremath was brutally murdered by Md Fayaz after rejecting his proposal.

 #JusticeForNeha  #Neha #Karnataka #Hubli #Hubballi #Hindu #Lovejihad #jihad #muslim https://t.co/dhLG6pVP4b",2024-04-18 19:54:49+00:00,6,1,950,hello_world67,1212,https://pbs.twimg.com/profile_images/1752915014149963776/9Nfdc5DO_normal.jpg,Bharat ,"Horrifying news from Hubli, Karnataka: 21-year-old college student Neha Hiremath was brutally murdered by Md Fayaz after rejecting his proposal.

 #JusticeForNeha  #Neha #Karnataka #Hubli #Hubballi #Hindu #Lovejihad #jihad #muslim https://t.co/dhLG6pVP4b",Negative,82.22
10,1.78105E+18,"#UPDATED :Family members of the victim and pro-Hindu outfits staged protest.

#Karnataka #Hubbali #deprem #TSTTPD #jjk257 #ManCity #PAKvNZ #Neha #JusticeforNeha #ManchesterCityRealMadrid",2024-04-18 19:52:29+00:00,0,0,90,White_POLITICS,275,https://pbs.twimg.com/profile_images/1770013967135686656/tCAnN5BA_normal.jpg,Tiruchirapalli ,"#UPDATED :Family members of the victim and pro-Hindu outfits staged protest.

#Karnataka #Hubbali #deprem #TSTTPD #jjk257 #ManCity #PAKvNZ #Neha #JusticeforNeha #ManchesterCityRealMadrid",Negative,67.29
11,1.78104E+18,RT @OMKARSINGH1992: @zoo_bear This is a grave and appalling incident in Hubballi. Violence and aggression have no place in society. My hear‚Ä¶,2024-04-18 19:39:15+00:00,0,2,0,OMKARSINGH1992,1950,https://pbs.twimg.com/profile_images/1763044204836696064/p1SKQ_gM_normal.jpg,INDIA,RT @OMKARSINGH1992: @zoo_bear This is a grave and appalling incident in Hubballi. Violence and aggression have no place in society. My hear‚Ä¶,Negative,88.09
12,1.78104E+18,"RT @NameIsShreyash: A hudgi ya Annan place li ninthu heltidini 
Court Jail antha a muslim sulemagange moorottu oota kotti sakbedi 

He need‚Ä¶",2024-04-18 19:36:52+00:00,0,5,0,Hanu199413,797,https://pbs.twimg.com/profile_images/1769410974145245184/1QfF5wRs_normal.jpg,,"RT @NameIsShreyash: A hudgi ya Annan place li ninthu heltidini
Court Jail antha a muslim sulemagange moorottu oota kotti sakbedi

He needs‚Ä¶",Negative,68.81
13,1.78104E+18,#JusticeForNeha,2024-04-18 19:34:14+00:00,0,0,88,hey_tesh,361,https://pbs.twimg.com/profile_images/1225414075271639040/7LkIY-8t_normal.jpg,India,#JusticeForNeha,Positive,46.44
14,1.78104E+18,"Horriblea
Should be encounter him
#justiceForNeha 
#Neha https://t.co/pOKtDaYmhD",2024-04-18 19:34:14+00:00,0,0,236,krishnYadavv,7405,https://pbs.twimg.com/profile_images/1559020630460301313/ynCqQDAs_normal.jpg,INDIA üáÆüá≥üáÆüá≥,"Horriblea
Should be encounter him
#justiceForNeha 
#Neha https://t.co/pOKtDaYmhD",Negative,76.65
15,1.78104E+18,"@rajpurvii Just to remind all of the Udupi School girls video in Bathroom
#justiceforneha",2024-04-18 19:27:57+00:00,1,0,114,BhakthLokesh,1366,https://pbs.twimg.com/profile_images/914214471781847040/LlK0EM_D_normal.jpg,PKMKB / CKMKB Harvard ,"@rajpurvii Just to remind all of the Udupi School girls video in Bathroom
#justiceforneha",Neutral,39.12
16,1.78104E+18,"RT @Ajayappu009: ‡≤π‡≥Å‡≤¨‡≥ç‡≤¨‡≤≥‡≥ç‡≤≥‡≤ø ‡≤ï‡≤æ‡≤∞‡≥ç‡≤™‡≥Ç‡≤∞‡≥á‡≤ü‡≤∞‡≥ç ‡≤Æ‡≤ó‡≤≥ ‡≤¨‡≤∞‡≥ç‡≤≠‡≤∞ ‡≤π‡≤§‡≥ç‡≤Ø‡≥Ü.
‡≤®‡≥á‡≤π‡≤æ‡≤≥‡≤®‡≥ç‡≤®‡≥Å 9 ‡≤¨‡≤æ‡≤∞‡≤ø ‡≤ö‡≤æ‡≤ï‡≥Å‡≤µ‡≤ø‡≤®‡≤ø‡≤Ç‡≤¶ ‡≤á‡≤∞‡≤ø‡≤¶‡≥Å ‡≤ï‡≥ä‡≤Ç‡≤¶ ‡≤∂‡≤æ‡≤Ç‡≤§‡≤ø‡≤™‡≥ç‡≤∞‡≤ø‡≤Ø ‡≤´‡≤Ø‡≤æ‡≤ú‡≥ç..!! 
‡≤Ø‡≤æ‡≤µ‡≤®‡≥Å ‡≤Ü‡≤¶‡≤∞‡≥á‡≤®‡≥Å ‡≤®‡≤°‡≥ä ‡≤∞‡≥ã‡≤°‡≤ø‡≤®‚Ä¶",2024-04-18 19:22:56+00:00,0,3,0,BhakthLokesh,1366,https://pbs.twimg.com/profile_images/914214471781847040/LlK0EM_D_normal.jpg,PKMKB / CKMKB Harvard ,"RT @Ajayappu009: Brutal killing of Hubli corporator's daughter.
Shantipriya Fayaz killed Neha by stabbing her 9 times..!!
What is the road?",Negative,87.87
17,1.78104E+18,"RT @Ramesha9084: Before Vote any party see your safety first, so sad to here this news. Congress when can understand. This free Bhagya of C‚Ä¶",2024-04-18 19:22:32+00:00,0,3,0,BhakthLokesh,1366,https://pbs.twimg.com/profile_images/914214471781847040/LlK0EM_D_normal.jpg,PKMKB / CKMKB Harvard ,"RT @Ramesha9084: Before Vote any party see your safety first, so sad to here this news. Congress when can understand. This free Bhagya of C‚Ä¶",Negative,84.96
18,1.78104E+18,"RT @Prashan79560753: Karnataka

Love Jihad Horror !!

Mohd Fayaz stabbed Neha 9 times on her neck for refusing his love proposal. Fayaz was‚Ä¶",2024-04-18 19:22:07+00:00,0,3,0,BhakthLokesh,1366,https://pbs.twimg.com/profile_images/914214471781847040/LlK0EM_D_normal.jpg,PKMKB / CKMKB Harvard ,"RT @Prashan79560753: Karnataka

Love Jihad Horror !!

Mohd Fayaz stabbed Neha 9 times on her neck for refusing his love proposal. Fayaz was‚Ä¶",Negative,70.98
19,1.78104E+18,#justiceforneha #huballi #karntakagoverment where is #Dhruv_Rathee the absolute moron who was telling tht #lovejihad is just propaganda of bjp and there is no incidents like Kerala story have shown are real https://t.co/wrDkr0OXss,2024-04-18 19:22:06+00:00,2,1,249,ilakhanpatil,5,https://pbs.twimg.com/profile_images/1761033432782843904/8sQH7qm-_normal.jpg,,#justiceforneha #huballi #karntakagoverment where is #Dhruv_Rathee the absolute moron who was telling tht #lovejihad is just propaganda of bjp and there is no incidents like Kerala story have shown are real https://t.co/wrDkr0OXss,Negative,91.42
20,1.78104E+18,"RT @BhageshSrinivas: If people want to live peace,then  you must work for justice. Required powerful action for him
#justiceforNeha #loveji‚Ä¶",2024-04-18 19:21:53+00:00,0,1,0,BhakthLokesh,1366,https://pbs.twimg.com/profile_images/914214471781847040/LlK0EM_D_normal.jpg,PKMKB / CKMKB Harvard ,"RT @BhageshSrinivas: If people want to live peace,then  you must work for justice. Required powerful action for him
#justiceforNeha #loveji‚Ä¶",Positive,65.4
21,1.78104E+18,"RT @jhaagandharv: Muslim men Fayaz Brutally attacked On Neha.
#JusticeForNeha",2024-04-18 19:21:46+00:00,0,1,0,BhakthLokesh,1366,https://pbs.twimg.com/profile_images/914214471781847040/LlK0EM_D_normal.jpg,PKMKB / CKMKB Harvard ,"RT @jhaagandharv: Muslim men Fayaz brutally attacked On Neha.
#JusticeForNeha",Negative,69.75
22,1.78104E+18,"RT @sagar_m_8: Just look at his face he has no hesitation or anything!ü§¨ 
#justiceforneha https://t.co/OqSJyFv5VM",2024-04-18 19:21:40+00:00,0,14,0,BhakthLokesh,1366,https://pbs.twimg.com/profile_images/914214471781847040/LlK0EM_D_normal.jpg,PKMKB / CKMKB Harvard ,"RT @sagar_m_8: Just look at his face he has no hesitation or anything!ü§¨ 
#justiceforneha https://t.co/OqSJyFv5VM",Negative,76.77
23,1.78104E+18,"RT @WokeVsAwaken: Horrifying news from Hubli, Karnataka: 21-year-old college student Neha Hiremath was brutally murdered by Md Fayaz after‚Ä¶",2024-04-18 19:21:22+00:00,0,5,0,BhakthLokesh,1366,https://pbs.twimg.com/profile_images/914214471781847040/LlK0EM_D_normal.jpg,PKMKB / CKMKB Harvard ,"RT @WokeVsAwaken: Horrifying news from Hubli, Karnataka: 21-year-old college student Neha Hiremath was brutally murdered by Md Fayaz after‚Ä¶",Negative,81.37
24,1.78104E+18,"RT @Shylaja_Sakura: As the evidence is clear, the murderer Fayaz should be hanged immediately

#JusticeForNeha  üò¢üò¢",2024-04-18 19:21:08+00:00,0,15,0,AKNarne,2848,https://pbs.twimg.com/profile_images/1618672752252301312/FMnyh429_normal.jpg,Inkollu,"RT @Shylaja_Sakura: As the evidence is clear, the murderer Fayaz should be hanged immediately

#JusticeForNeha  üò¢üò¢",Negative,73.96
25,1.78104E+18,"RT @anuja_walekar: I never thought of this .. that this thing will ever happen with one of my friend 
We miss you, but we know you are in a‚Ä¶",2024-04-18 19:21:07+00:00,0,6,0,BhakthLokesh,1366,https://pbs.twimg.com/profile_images/914214471781847040/LlK0EM_D_normal.jpg,PKMKB / CKMKB Harvard ,"RT @anuja_walekar: I never thought of this .. that this thing will ever happen with one of my friend 
We miss you, but we know you are in a‚Ä¶",Positive,67.66
26,1.78104E+18,"#JusticeforNeha #HindusWakeUp 

@CTRavi_BJP @BefittingFacts @BasanagoudaBJP @BJP4Karnataka @vijaygajera @MrSinha_ @UnSubtleDesi @ShefVaidya",2024-04-18 19:18:45+00:00,0,1,1470,DevarajNadiger,2977,https://pbs.twimg.com/profile_images/1758421164689440768/HlknTRmw_normal.jpg,Bangalore ,"#JusticeforNeha #HindusWakeUp 

@CTRavi_BJP @BefittingFacts @BasanagoudaBJP @BJP4Karnataka @vijaygajera @MrSinha_ @UnSubtleDesi @ShefVaidya",Positive,40.28
27,1.78104E+18,"RT @satish_angadi12: Encounter the accused &amp; pay homage to deceased 

#JusticeForNeha",2024-04-18 19:17:34+00:00,0,1,0,BhakthLokesh,1366,https://pbs.twimg.com/profile_images/914214471781847040/LlK0EM_D_normal.jpg,PKMKB / CKMKB Harvard ,"RT @satish_angadi12: Encounter the accused &amp; pay homage to deceased 

#JusticeForNeha",Neutral,66.83
28,1.78104E+18,"RT @GaganHosur77854: #justiceforneha 

REST IN PEACE SISTER.. ü•∫üò¢üíî https://t.co/HjLaEpQWuF",2024-04-18 19:17:16+00:00,0,7,0,BhakthLokesh,1366,https://pbs.twimg.com/profile_images/914214471781847040/LlK0EM_D_normal.jpg,PKMKB / CKMKB Harvard ,"RT @GaganHosur77854: #justiceforneha 

REST IN PEACE SISTER.. ü•∫üò¢üíî https://t.co/HjLaEpQWuF",Positive,85.7
29,1.78104E+18,"RT @sk_Jagannath: Congress corporator couldn't protect his daughter in Karnataka.
Save our sister from this Jihadi illiterate bastards 
#Ju‚Ä¶",2024-04-18 19:16:54+00:00,0,4,0,BhakthLokesh,1366,https://pbs.twimg.com/profile_images/914214471781847040/LlK0EM_D_normal.jpg,PKMKB / CKMKB Harvard ,"RT @sk_Jagannath: Congress corporator couldn't protect his daughter in Karnataka.
Save our sister from this Jihadi illiterate bastards 
#Ju‚Ä¶",Negative,89.97
30,1.78104E+18,#justiceforneha culprit should be hanged #hubballi #hubli #lovejihad,2024-04-18 19:15:53+00:00,0,0,247,Udaym67729393,0,https://pbs.twimg.com/profile_images/1470761515364007936/OnuvnBOF_normal.jpg,,#justiceforneha culprit should be hanged #hubballi #hubli #lovejihad,Negative,75.85
31,1.78104E+18,"RT @Shylaja_Sakura: As the evidence is clear, the murderer Fayaz should be hanged immediately

#JusticeForNeha  üò¢üò¢",2024-04-18 19:15:44+00:00,0,15,0,BhakthLokesh,1366,https://pbs.twimg.com/profile_images/914214471781847040/LlK0EM_D_normal.jpg,PKMKB / CKMKB Harvard ,"RT @Shylaja_Sakura: As the evidence is clear, the murderer Fayaz should be hanged immediately

#JusticeForNeha  üò¢üò¢",Negative,73.96
32,1.78104E+18,@Nikhilsingh21_ #justiceForNeha,2024-04-18 19:12:14+00:00,11,1,1226,_Mehul_Pathania,0,https://pbs.twimg.com/profile_images/1770766330905370624/UOOwZav6_normal.png,,@Nikhilsingh21_ #justiceForNeha,Positive,54.93
33,1.78104E+18,"Requesting @EduMinOfIndia to introduce a criteria where universities get mental stability test report/ take personality interview before admitting students to any of the courses.

I hope stringent action will be taken against the culprit.

#kletech #ashamed  #justiceforneha https://t.co/5QEv1gDB37",2024-04-18 19:12:12+00:00,1,0,145,IndiaDemystify,1,https://pbs.twimg.com/profile_images/1707441218995777536/mqzByiQ__normal.jpg,,"Requesting @EduMinOfIndia to introduce a criteria where universities get mental stability test report/ take personality interview before admitting students to any of the courses.

I hope stringent action will be taken against the culprit.

#kletech #ashamed  #justiceforneha https://t.co/5QEv1gDB37",Neutral,51.56
34,1.78104E+18,#justiceforneha ü•∫üò¢üíî https://t.co/IvkLAxXyz5,2024-04-18 19:09:40+00:00,1,1,222,GaganHosur77854,15,https://pbs.twimg.com/profile_images/1766084390608850944/diZLD_Ia_normal.jpg,,#justiceforneha ü•∫üò¢üíî https://t.co/IvkLAxXyz5,Negative,69.69
35,1.78104E+18,"RT @WokeVsAwaken: Horrifying news from Hubli, Karnataka: 21-year-old college student Neha Hiremath was brutally murdered by Md Fayaz after‚Ä¶",2024-04-18 19:09:29+00:00,0,5,0,WokeVsAwaken,5,https://pbs.twimg.com/profile_images/1740231379789697024/UiPV1kQP_normal.jpg,,"RT @WokeVsAwaken: Horrifying news from Hubli, Karnataka: 21-year-old college student Neha Hiremath was brutally murdered by Md Fayaz after‚Ä¶",Negative,81.37
36,1.78104E+18,"#justiceforneha 

REST IN PEACE SISTER.. ü•∫üò¢üíî https://t.co/HjLaEpQWuF",2024-04-18 19:04:39+00:00,16,7,1725,GaganHosur77854,15,https://pbs.twimg.com/profile_images/1766084390608850944/diZLD_Ia_normal.jpg,,"#justiceforneha 

REST IN PEACE SISTER.. ü•∫üò¢üíî https://t.co/HjLaEpQWuF",Positive,83.09
37,1.78104E+18,@BhaiiSamrat @randomsena @yss_group @CMofKarnataka @ElvishYadav @VHPDigital @BasanagoudaBJP @Tejasvi_Surya please help to provide justice for Neha Hiremath #justiceforneha https://t.co/rTMuQ0YiYW,2024-04-18 19:04:10+00:00,1,0,79,08_ishwar,11,https://abs.twimg.com/sticky/default_profile_images/default_profile_normal.png,,@BhaiiSamrat @randomsena @yss_group @CMofKarnataka @ElvishYadav @VHPDigital @BasanagoudaBJP @Tejasvi_Surya please help to provide justice for Neha Hiremath #justiceforneha https://t.co/rTMuQ0YiYW,Positive,65.48
38,1.78104E+18,"‡≤π‡≥Å‡≤¨‡≥ç‡≤¨‡≤≥‡≥ç‡≤≥‡≤ø ‡≤ï‡≤æ‡≤∞‡≥ç‡≤™‡≥Ç‡≤∞‡≥á‡≤ü‡≤∞‡≥ç ‡≤Æ‡≤ó‡≤≥ ‡≤¨‡≤∞‡≥ç‡≤≠‡≤∞ ‡≤π‡≤§‡≥ç‡≤Ø‡≥Ü.
‡≤®‡≥á‡≤π‡≤æ‡≤≥‡≤®‡≥ç‡≤®‡≥Å 9 ‡≤¨‡≤æ‡≤∞‡≤ø ‡≤ö‡≤æ‡≤ï‡≥Å‡≤µ‡≤ø‡≤®‡≤ø‡≤Ç‡≤¶ ‡≤á‡≤∞‡≤ø‡≤¶‡≥Å ‡≤ï‡≥ä‡≤Ç‡≤¶ ‡≤∂‡≤æ‡≤Ç‡≤§‡≤ø‡≤™‡≥ç‡≤∞‡≤ø‡≤Ø ‡≤´‡≤Ø‡≤æ‡≤ú‡≥ç..!! 
‡≤Ø‡≤æ‡≤µ‡≤®‡≥Å ‡≤Ü‡≤¶‡≤∞‡≥á‡≤®‡≥Å ‡≤®‡≤°‡≥ä ‡≤∞‡≥ã‡≤°‡≤ø‡≤®‡≤≤‡≥ç‡≤≤‡≤ø ‡≤é‡≤®‡≥ç ‡≤ï‡≥å‡≤Ç‡≤ü‡≤∞‡≥ç ‡≤Æ‡≤æ‡≤°‡≤ø ‡≤¨‡≤ø‡≤∏‡≤æ‡≤ï‡≤ø

#JusticeforNeha https://t.co/qcNz2lgd3L",2024-04-18 19:02:33+00:00,25,3,1191,Ajayappu009,187,https://pbs.twimg.com/profile_images/1724523662332604416/hqBfgXjw_normal.jpg,,"Hubli corporator's daughter's brutal murder.
Shantipriya Fayaz killed Neha by stabbing her 9 times..!!
Yaanu Aaderenu Nado Encounter on the road and Bisaki

#JusticeforNeha https://t.co/qcNz2lgd3L",Negative,82.52
39,1.78103E+18,"RT @amethiya_anup: A Muslim college student, Mohammad Fayaz, from BVB College in #Hubli(Karnataka) stabbed a Hindu girl Neha to death becau‚Ä¶",2024-04-18 19:00:02+00:00,0,2,0,surbhi_sharm,3229,https://pbs.twimg.com/profile_images/1764486916928610304/uFExnfff_normal.jpg, india,"RT @amethiya_anup: A Muslim college student, Mohammad Fayaz, from BVB College in #Hubli(Karnataka) stabbed a Hindu girl to death becau.",Neutral,77.2
40,1.78103E+18,"RT @san15saarthu: I support this irrespective of reasons he might give. 

#JusticeForNeha",2024-04-18 18:59:55+00:00,0,5,0,Ajayappu009,187,https://pbs.twimg.com/profile_images/1724523662332604416/hqBfgXjw_normal.jpg,,"RT @san15saarthu: I support this irrespective of reasons he might give. 

#JusticeForNeha",Positive,76.62
41,1.78103E+18,"Horrifying news from Hubli, Karnataka: 21-year-old college student Neha Hiremath was brutally murdered by Md Fayaz after rejecting his proposal. #JusticeForNeha  #Neha #Karnataka #Hubli #Hubballi #Hindu #Lovejihad #jihad #muslim https://t.co/PUssu9HhzY",2024-04-18 18:57:59+00:00,9,5,1496,WokeVsAwaken,5,https://pbs.twimg.com/profile_images/1740231379789697024/UiPV1kQP_normal.jpg,,"Horrifying news from Hubli, Karnataka: 21-year-old college student Neha Hiremath was brutally murdered by Md Fayaz after rejecting his proposal. #JusticeForNeha  #Neha #Karnataka #Hubli #Hubballi #Hindu #Lovejihad #jihad #muslim https://t.co/PUssu9HhzY",Negative,82.26
42,1.78103E+18,"@Girishvhp @dineshgrao #JusticeForNeha

Where are the people who said "" Love Jihad doesn't exist""",2024-04-18 18:52:53+00:00,0,0,353,Vivek_Ram_G,30,https://pbs.twimg.com/profile_images/1402884855004684296/29RbsCwQ_normal.jpg,Karnataka ,"@Girishvhp @dineshgrao #JusticeForNeha

Where are the people who said "" Love Jihad doesn't exist""",Negative,76.47
43,1.78103E+18,"A Muslim college student, Mohammad Fayaz, from BVB College in #Hubli(Karnataka) stabbed a Hindu girl Neha to death because she refused to be in a relationship with him.
#Lovejihad #WewantJustice.üò¢
#JusticeForNeha.ü•∫
#HindusUnderAttack #Karnataka #IslamicJihad #bloodbath #Jihadi https://t.co/QR8t46Pb66",2024-04-18 18:52:08+00:00,4,2,153,amethiya_anup,12736,https://pbs.twimg.com/profile_images/1441139994433777672/iiCkekg2_normal.jpg,"up, India","A Muslim college student, Mohammad Fayaz, from BVB College in #Hubli(Karnataka) stabbed a Hindu girl Neha to death because she refused to be in a relationship with him.
#Lovejihad #WewantJustice.üò¢
#JusticeForNeha.ü•∫
#HindusUnderAttack #Karnataka #IslamicJihad #bloodbath #Jihadi https://t.co/QR8t46Pb66",Negative,63.12
44,1.78103E+18,"RT @KhanzFardin: Everyone is angry, sad, and disturbed. I can't imagine something like this happening on our campus. People should stop dra‚Ä¶",2024-04-18 18:49:16+00:00,0,1,0,Asif_Musafir,119,https://pbs.twimg.com/profile_images/1779228982766075904/IHHlU8wJ_normal.jpg,Bangalore,"RT @KhanzFardin: Everyone is angry, sad, and disturbed. I can't imagine something like this happening on our campus. People should stop dra‚Ä¶",Negative,91.48
45,1.78103E+18,"If people want to live peace,then  you must work for justice. Required powerful action for him
#justiceforNeha #lovejihad https://t.co/o30rULgHS8",2024-04-18 18:47:24+00:00,3,1,385,BhageshSrinivas,4,https://pbs.twimg.com/profile_images/1628588072547004417/k1oIzuA5_normal.jpg,"‡§∂‡•ã‡§∞‡§æ‡§™‡•Å‡§∞, yadgiri","If people want to live peace,then  you must work for justice. Required powerful action for him
#justiceforNeha #lovejihad https://t.co/o30rULgHS8",Positive,72.14
46,1.78103E+18,"RT @NameIsShreyash: A hudgi ya Annan place li ninthu heltidini 
Court Jail antha a muslim sulemagange moorottu oota kotti sakbedi 

He need‚Ä¶",2024-04-18 18:46:52+00:00,0,5,0,Mani12811220,622,https://pbs.twimg.com/profile_images/1778091812194037760/TupTNeSn_normal.jpg,"Delhi, NY","RT @NameIsShreyash: A hudgi ya Annan place li ninthu heltidini
Court Jail antha a muslim sulemagange moorottu oota kotti sakbedi

He needs‚Ä¶",Negative,68.81
47,1.78103E+18,"#WewantJustice.üò¢
#JusticeForNeha.ü•∫
A Muslim college student, Mohammad Fayaz, from BVB College in #Hubli(Karnataka) stabbed a Hindu girl Neha to death because she refused to be in a relationship with him.
#Lovejihad
#HindusUnderAttack #Karnataka #IslamicJihad #bloodbath #Jihadi https://t.co/xlXvOgFyja",2024-04-18 18:46:18+00:00,1,1,362,abhaytakale123,5,https://pbs.twimg.com/profile_images/1769740363064119296/8zXVIXoZ_normal.jpg,,"#WewantJustice.üò¢
#JusticeForNeha.ü•∫
A Muslim college student, Mohammad Fayaz, from BVB College in #Hubli(Karnataka) stabbed a Hindu girl Neha to death because she refused to be in a relationship with him.
#Lovejihad
#HindusUnderAttack #Karnataka #IslamicJihad #bloodbath #Jihadi https://t.co/xlXvOgFyja",Negative,63.06
48,1.78103E+18,"Well, really sorry about the tragic murder of the girls. She certainly did not deserve this. @INCIndia being in power in Karnataka has emboldened Islamists in the state to commit violence crimes with impunity and that‚Äôs a fact.#Karnataka #hubali #justiceforneha https://t.co/lrcdrcRlhg",2024-04-18 18:43:32+00:00,2,2,320,Ramesha9084,28,https://pbs.twimg.com/profile_images/1429443484046401542/1OiQOPYf_normal.jpg,,"Well, really sorry about the tragic murder of the girls. She certainly did not deserve this. @INCIndia being in power in Karnataka has emboldened Islamists in the state to commit violence crimes with impunity and that‚Äôs a fact.#Karnataka #hubali #justiceforneha https://t.co/lrcdrcRlhg",Negative,80.8
49,1.78103E+18,"@divya_gandotra #justiceforneha 
May his soul REST IN PEACE üòá",2024-04-18 18:41:55+00:00,1,0,1708,PRIYANSHUJAIS02,23,https://pbs.twimg.com/profile_images/1760726927491342337/wFNQqUw3_normal.png,,"@divya_gandotra #justiceforneha 
May his soul REST IN PEACE üòá",Positive,97.48
50,1.78103E+18,"RT @NameIsShreyash: A hudgi ya Annan place li ninthu heltidini 
Court Jail antha a muslim sulemagange moorottu oota kotti sakbedi 

He need‚Ä¶",2024-04-18 18:39:37+00:00,0,5,0,Adavith8055,0,https://abs.twimg.com/sticky/default_profile_images/default_profile_normal.png,,"RT @NameIsShreyash: A hudgi ya Annan place li ninthu heltidini
Court Jail antha a muslim sulemagange moorottu oota kotti sakbedi

He needs‚Ä¶",Negative,68.81
51,1.78103E+18,"Encounter the accused &amp; pay homage to deceased 

#JusticeForNeha https://t.co/pHkLW7qnqu",2024-04-18 18:39:31+00:00,2,1,592,satish_angadi12,1632,https://pbs.twimg.com/profile_images/1687430873413713920/AF53c5jf_normal.jpg,Bengaluru - PTKD - Adoni ,"Encounter the accused &amp; pay homage to deceased 

#JusticeForNeha https://t.co/pHkLW7qnqu",Neutral,47.45
52,1.78103E+18,"@harsht2024 In Karnakata 23year old Hindu girl Neha Hiremath was killed by ex Muslim classmate  Fayaz. By stabbing 9 times with the knife. We hindus need Justice 
#justiceforneha #justiceforhindus #hindusunity #votewisely #karnataka",2024-04-18 18:39:22+00:00,0,0,62,vishnoosam25,43,https://pbs.twimg.com/profile_images/1001702098348793857/SPKxP9cC_normal.jpg,"Tamil Nadu, India","@harsht2024 In Karnakata 23year old Hindu girl Neha Hiremath was killed by ex Muslim classmate  Fayaz. By stabbing 9 times with the knife. We hindus need Justice 
#justiceforneha #justiceforhindus #hindusunity #votewisely #karnataka",Negative,56.7
53,1.78103E+18,"Before Vote any party see your safety first, so sad to here this news. Congress when can understand. This free Bhagya of Congress? #JusticeforNeha #Karnataka @BJP4India. @BJP4Karnataka @INCKarnataka https://t.co/2vBY15MNHw",2024-04-18 18:39:00+00:00,17,3,1277,Ramesha9084,28,https://pbs.twimg.com/profile_images/1429443484046401542/1OiQOPYf_normal.jpg,,"Before Vote any party see your safety first, so sad to here this news. Congress when can understand. This free Bhagya of Congress? #JusticeforNeha #Karnataka @BJP4India. @BJP4Karnataka @INCKarnataka https://t.co/2vBY15MNHw",Negative,84
54,1.78103E+18,"This is very Shocking and disturbing to see
High time the govt takes severe action against this merciless crimes!! 
I just want to see how @INCKarnataka gonna address this issue but personally keep this politics aside and give justice to Neha and her family

#JusticeForNeha https://t.co/pBeOlXqCeG",2024-04-18 18:32:13+00:00,0,0,170,_Gaurav_Raj,47,https://pbs.twimg.com/profile_images/1696387930682777600/hG67PM0A_normal.jpg,"Bengaluru South, India","This is very Shocking and disturbing to see
High time the govt takes severe action against this merciless crimes!! 
I just want to see how @INCKarnataka gonna address this issue but personally keep this politics aside and give justice to Neha and her family

#JusticeForNeha https://t.co/pBeOlXqCeG",Negative,83.7
55,1.78103E+18,"A hudgi ya Annan place li ninthu heltidini 
Court Jail antha a muslim sulemagange moorottu oota kotti sakbedi 

He needs more brutal punishment than this Avr Appa ammana mundene avn tale na cut madbeku 

#JusticeForNeha #Hubli https://t.co/JWbUJQSBZS",2024-04-18 18:31:44+00:00,17,5,1092,NameIsShreyash,4684,https://pbs.twimg.com/profile_images/1778488281170370560/7nty80eI_normal.jpg,Somewhere on Earth ,"A hudgi ya Annan place li ninthu heltidini
Court Jail antha a muslim sulemagange moorottu oota kotti sakbedi

He needs more brutal punishment than this Avr Appa ammana mundene avn tale na cut madbeku

#JusticeForNeha #Hubli https://t.co/JWbUJQSBZS",Negative,84.1
56,1.78103E+18,RT @vishnoosam25: @sphavisha In Karnakata 23year old Hindu girl Neha Hiremath was killed by ex Muslim classmate  Fayaz. By stabbing 9 times‚Ä¶,2024-04-18 18:31:00+00:00,0,1,0,tusharshah2100,263,https://pbs.twimg.com/profile_images/1290682025444175873/VQRwro28_normal.jpg,,RT @vishnoosam25: @sphavisha In Karnakata 23year old Hindu girl Neha Hiremath was killed by ex Muslim classmate  Fayaz. By stabbing 9 times‚Ä¶,Neutral,63.49
57,1.78103E+18,"RT @Shylaja_Sakura: As the evidence is clear, the murderer Fayaz should be hanged immediately

#JusticeForNeha  üò¢üò¢",2024-04-18 18:30:43+00:00,0,15,0,BringBackCBN,721,https://pbs.twimg.com/profile_images/1780065715166629888/h9aTkjCg_normal.jpg,,"RT @Shylaja_Sakura: As the evidence is clear, the murderer Fayaz should be hanged immediately

#JusticeForNeha  üò¢üò¢",Negative,73.96
58,1.78103E+18,"Horrifying news from my city Hubli, Karnataka: 21-year-old college student Neha Hiremath was brutally murdered by Md Fayaz after rejecting his proposal.  #JusticeForNeha",2024-04-18 18:24:11+00:00,0,0,273,physiqueexpert,67,https://pbs.twimg.com/profile_images/1774788795910836224/ul_E73zm_normal.jpg,Bengaluru,"Horrifying news from my city Hubli, Karnataka: 21-year-old college student Neha Hiremath was brutally murdered by Md Fayaz after rejecting his proposal.  #JusticeForNeha",Negative,85.47
59,1.78103E+18,"Hubli has become more criminal city than Bangalore now a days ü§°ü§°
6 to 7 years back atleast in hubli there use to be 1 or 2 gangleaders but now in every area we get 2 to 3 criminals ü§°
#JusticeForNeha ü•∫üôå",2024-04-18 18:21:18+00:00,0,0,186,VinayRohit45,2123,https://pbs.twimg.com/profile_images/1774800388610482176/Pkj3oRpQ_normal.jpg,Pune,"Hubli has become more criminal city than Bangalore now a days ü§°ü§°
6 to 7 years back atleast in hubli there use to be 1 or 2 gangleaders but now in every area we get 2 to 3 criminals ü§°
#JusticeForNeha ü•∫üôå",Negative,70.96
60,1.78102E+18,"Everyone is angry, sad, and disturbed. I can't imagine something like this happening on our campus. People should stop dragging other dimensions into it. A crime is a crime, regardless of who commits it. Culprit should be punished. #HangTheCulprit #JusticeForNeha",2024-04-18 18:15:55+00:00,3,1,286,KhanzFardin,38,https://pbs.twimg.com/profile_images/1547824160897843203/a86xGWw8_normal.jpg,India,"Everyone is angry, sad, and disturbed. I can't imagine something like this happening on our campus. People should stop dragging other dimensions into it. A crime is a crime, regardless of who commits it. Culprit should be punished. #HangTheCulprit #JusticeForNeha",Negative,91.41
61,1.78102E+18,"@sphavisha In Karnakata 23year old Hindu girl Neha Hiremath was killed by ex Muslim classmate  Fayaz. By stabbing 9 times with the knife. We hindus need Justice 
#justiceforneha #justiceforhindus #hindusunity #votewisely #karnataka",2024-04-18 18:11:28+00:00,1,1,90,vishnoosam25,43,https://pbs.twimg.com/profile_images/1001702098348793857/SPKxP9cC_normal.jpg,"Tamil Nadu, India","@sphavisha In Karnakata 23year old Hindu girl Neha Hiremath was killed by ex Muslim classmate  Fayaz. By stabbing 9 times with the knife. We hindus need Justice 
#justiceforneha #justiceforhindus #hindusunity #votewisely #karnataka",Negative,59.02
62,1.78102E+18,"@AamAadmiParty In Karnakata 23year old Hindu girl Neha Hiremath was killed by ex Muslim classmate  Fayaz. By stabbing 9 times with the knife. We hindus need Justice 
#justiceforneha #justiceforhindus #hindusunity #votewisely #karnataka",2024-04-18 18:11:15+00:00,0,0,69,vishnoosam25,43,https://pbs.twimg.com/profile_images/1001702098348793857/SPKxP9cC_normal.jpg,"Tamil Nadu, India","@AamAadmiParty In Karnakata 23year old Hindu girl Neha Hiremath was killed by ex Muslim classmate  Fayaz. By stabbing 9 times with the knife. We hindus need Justice 
#justiceforneha #justiceforhindus #hindusunity #votewisely #karnataka",Negative,57.1
63,1.78102E+18,@MrSinha_ #justiceforneha,2024-04-18 18:08:46+00:00,0,0,131,girish_mtx,31,https://pbs.twimg.com/profile_images/1203019748209938432/fjr6cnEM_normal.jpg,"Belgaum, India",@MrSinha_ #justiceforneha,Positive,48.62
64,1.78102E+18,"@INCIndia In Karnakata 23year old Hindu girl Neha Hiremath was killed by ex Muslim classmate  Fayaz. By stabbing 9 times with the knife. We hindus need Justice 
#justiceforneha #justiceforhindus #hindusunity #votewisely #karnataka",2024-04-18 18:08:45+00:00,0,0,68,vishnoosam25,43,https://pbs.twimg.com/profile_images/1001702098348793857/SPKxP9cC_normal.jpg,"Tamil Nadu, India","@INCIndia In Karnakata 23year old Hindu girl Neha Hiremath was killed by ex Muslim classmate  Fayaz. By stabbing 9 times with the knife. We hindus need Justice 
#justiceforneha #justiceforhindus #hindusunity #votewisely #karnataka",Negative,57.73
65,1.78102E+18,"@INCIndia @RahulGandhi In Karnakata 23year old Hindu girl Neha Hiremath was killed by ex Muslim classmate  Fayaz. By stabbing 9 times with the knife. We hindus need Justice 
#justiceforneha #justiceforhindus #hindusunity #votewisely #karnataka",2024-04-18 18:07:24+00:00,2,0,137,vishnoosam25,43,https://pbs.twimg.com/profile_images/1001702098348793857/SPKxP9cC_normal.jpg,"Tamil Nadu, India","@INCIndia @RahulGandhi In Karnakata 23year old Hindu girl Neha Hiremath was killed by ex Muslim classmate  Fayaz. By stabbing 9 times with the knife. We hindus need Justice 
#justiceforneha #justiceforhindus #hindusunity #votewisely #karnataka",Negative,60.31
66,1.78102E+18,@INCKarnataka #justiceforneha,2024-04-18 18:06:13+00:00,0,0,16,SidzHalyal,3,https://pbs.twimg.com/profile_images/1781007086887014400/AwnWwulr_normal.jpg,,@INCKarnataka #justiceforneha,Positive,49.01
67,1.78102E+18,"In karnataka 23 year old girl Neha hiremath was killed by ex classmate Fayaz 
#JusticeForNeha
#karnataka #votewisely #Nomoretolerance",2024-04-18 18:02:26+00:00,0,0,146,vishnoosam25,43,https://pbs.twimg.com/profile_images/1001702098348793857/SPKxP9cC_normal.jpg,"Tamil Nadu, India","In karnataka 23 year old girl Neha hiremath was killed by ex classmate Fayaz 
#JusticeForNeha
#karnataka #votewisely #Nomoretolerance",Negative,44.65
68,1.78102E+18,"‡≤é‡≤®‡≤ï‡≥å‡≤Ç‡≤ü‡≤∞‡≥ç ‡≤ó‡≥Ü ‡≤Ü‡≤¶‡≥á‡≤∂ ‡≤Æ‡≤æ‡≤°‡≤ø ‡≤∏‡≤∞‡≥ç, ‡≤à ‡≤∞‡≥Ä‡≤§‡≤ø‡≤Ø ‡≤π‡≥Ä‡≤® ‡≤ï‡≥É‡≤§‡≥ç‡≤Ø ‡≤Æ‡≤æ‡≤°‡≥Å‡≤µ‡≤µ‡≤∞‡≤ø‡≤ó‡≥Ü ‡≤§‡≤ï‡≥ç‡≤ï ‡≤∂‡≤æ‡≤∏‡≥ç‡≤§‡≤ø ‡≤Ø‡≤æ‡≤ó‡≤≤‡≤ø

#JusticeForNeha

@siddaramaiah @DKShivakumar https://t.co/o8y6DJ3Y7F",2024-04-18 17:51:28+00:00,20,0,553,pranooth_mp,1449,https://pbs.twimg.com/profile_images/1775497251218919424/zorUD4wG_normal.jpg,"Karnataka, India","Order an encounter sir, let the perpetrators of this heinous act be punished

#JusticeForNeha

@siddaramaiah @DKShivakumar https://t.co/o8y6DJ3Y7F",Negative,50.82
69,1.78102E+18,"@TimesAlgebraIND Fayaz allegedly stabbed Neha Hiremath to death, Daughter of Congress Corporator in Hubli, Karnataka today in a broad day light.
#justice #JusticeforNeha https://t.co/NvpaN8oema",2024-04-18 17:50:10+00:00,1,0,498,GoatStaysGoat,81,https://pbs.twimg.com/profile_images/1761291613727580160/pRN3Wad-_normal.jpg,,"@TimesAlgebraIND Fayaz allegedly stabbed Neha Hiremath to death, Daughter of Congress Corporator in Hubli, Karnataka today in a broad day light.
#justice #JusticeforNeha https://t.co/NvpaN8oema",Negative,42.73
70,1.78102E+18,#Neha #justiceforneha #hubli #hangfayaztodeath #Fayaz @INCIndia @CMofKarnataka @INCKarnataka @narendramodi @BJP4Karnataka @JoshiPralhad https://t.co/nFqmKqObxL,2024-04-18 17:44:27+00:00,0,0,23,SidzHalyal,3,https://pbs.twimg.com/profile_images/1781007086887014400/AwnWwulr_normal.jpg,,#Neha #justiceforneha #hubli #hangfayaztodeath #Fayaz @INCIndia @CMofKarnataka @INCKarnataka @narendramodi @BJP4Karnataka @JoshiPralhad https://t.co/nFqmKqObxL,Positive,43.29
71,1.78102E+18,"RT @anuja_walekar: I never thought of this .. that this thing will ever happen with one of my friend 
We miss you, but we know you are in a‚Ä¶",2024-04-18 17:42:36+00:00,0,6,0,HarshadkumarH,51,https://pbs.twimg.com/profile_images/1554343924474724353/r9PybWU9_normal.jpg,,"RT @anuja_walekar: I never thought of this .. that this thing will ever happen with one of my friend 
We miss you, but we know you are in a‚Ä¶",Positive,67.66
72,1.78102E+18,@zoo_bear This is a grave and appalling incident in Hubballi. Violence and aggression have no place in society. My heart goes out to the victim's family. Perpetrators of such heinous acts must face the full force of the law. #HubballiHorror  #JusticeForNeha #PBKSvMI,2024-04-18 17:41:34+00:00,6,2,1735,OMKARSINGH1992,1950,https://pbs.twimg.com/profile_images/1763044204836696064/p1SKQ_gM_normal.jpg,INDIA,@zoo_bear This is a grave and appalling incident in Hubballi. Violence and aggression have no place in society. My heart goes out to the victim's family. Perpetrators of such heinous acts must face the full force of the law. #HubballiHorror  #JusticeForNeha #PBKSvMI,Negative,79.88
73,1.78102E+18,"I never thought of this .. that this thing will ever happen with one of my friend 
We miss you, but we know you are in a better and safe place now. Rest In Peace Neha üíî Love jihad is not a myth 
#neha #justiceforneha https://t.co/sTumxoWssD",2024-04-18 17:41:10+00:00,13,6,1323,anuja_walekar,105,https://pbs.twimg.com/profile_images/1596542338469621760/WkI0q0Gm_normal.jpg,Kolhapur ,"I never thought of this .. that this thing will ever happen with one of my friend 
We miss you, but we know you are in a better and safe place now. Rest In Peace Neha üíî Love jihad is not a myth 
#neha #justiceforneha https://t.co/sTumxoWssD",Positive,92.19
74,1.78101E+18,#justiceforneha ‡≤à‡≤ó‡≤≤‡≤æ‡≤¶‡≥ç‡≤∞‡≥Ç ‡≤é‡≤ö‡≥ç‡≤ö‡≤§‡≥ç‡≤§‡≤ø‡≤ï‡≥ä‡≤≥‡≥ç‡≤≥‡≤ø ‡≤π‡≤ø‡≤Ç‡≤¶‡≥Å‡≤ó‡≤≥‡≥á üö©üôè https://t.co/rwA3GmJfxV,2024-04-18 17:36:22+00:00,5,1,232,sampreetsj,6,https://pbs.twimg.com/profile_images/1735158959060000768/Dmipjkpj_normal.jpg,"Athani, India",#justiceforneha Wake up now Hindus üö©üôè https://t.co/rwA3GmJfxV,Positive,83.71
75,1.78101E+18,"Congress corporator couldn't protect his daughter in hubali Karnataka.
#JusticeforNeha #hubli #LoveJihadInKarnataka #KarnatakaCongress #SaveKarnatakaSister
#Students
@siddaramaiah @DKShivakumar @RahulGandhi @PriyankKharge @INCIndia @INCKarnataka https://t.co/ypB5fEwsrk",2024-04-18 17:31:05+00:00,1,1,315,as6943194,0,https://pbs.twimg.com/profile_images/1754890816819236864/V2KQTWi0_normal.png,,"Congress corporator couldn't protect his daughter in hubali Karnataka.
#JusticeforNeha #hubli #LoveJihadInKarnataka #KarnatakaCongress #SaveKarnatakaSister
#Students
@siddaramaiah @DKShivakumar @RahulGandhi @PriyankKharge @INCIndia @INCKarnataka https://t.co/ypB5fEwsrk",Negative,46.2
76,1.78101E+18,"Karnataka

Love Jihad Horror !!

Mohd Fayaz stabbed Neha 9 times on her neck for refusing his love proposal. Fayaz was studying in same college. Neha was the daughter of #Congress leader.

#justiceforneha
We want death sentences against mohd Fayaz
Bloody terrorist community ppl https://t.co/bcJlPRBBSK",2024-04-18 17:27:08+00:00,3,3,536,Prashan79560753,36,https://pbs.twimg.com/profile_images/1228742219105857536/xjrVX0Od_normal.jpg,,"Karnataka

Love Jihad Horror !!

Mohd Fayaz stabbed Neha 9 times on her neck for refusing his love proposal. Fayaz was studying in same college. Neha was the daughter of #Congress leader.

#justiceforneha
We want death sentences against mohd Fayaz
Bloody terrorist community ppl https://t.co/bcJlPRBBSK",Negative,66.96
77,1.78101E+18,"RT @san15saarthu: @iamSudeepS Kole maadidane. Policeru hidididare. Nodona munde yen madthare antha. 
Sadhyakke ashte thaane maadoke aagodu.‚Ä¶",2024-04-18 17:21:03+00:00,0,3,0,MuraliRamesh001,273,https://pbs.twimg.com/profile_images/1715376730700238848/xEAhR7ib_normal.jpg,"Bengaluru, India","RT @san15saarthu: @iamSudeepS Kole maadidane. Policeru hidididare. Nodona munde yen madthare antha.
Sadhyakke ashte thaane maadoke aagodu.‚Ä¶",Negative,82.24
78,1.78101E+18,"RT @san15saarthu: I support this irrespective of reasons he might give. 

#JusticeForNeha",2024-04-18 17:14:31+00:00,0,5,0,Prasann30238157,925,https://pbs.twimg.com/profile_images/1704794410804998144/-8zo01y2_normal.jpg,‡≤ï‡≤®‡≥ç‡≤®‡≤°‡≤®‡≤æ‡≤°‡≥Å,"RT @san15saarthu: I support this irrespective of reasons he might give. 

#JusticeForNeha",Positive,76.62
79,1.78101E+18,"RT @Shylaja_Sakura: As the evidence is clear, the murderer Fayaz should be hanged immediately

#JusticeForNeha  üò¢üò¢",2024-04-18 17:12:43+00:00,0,15,0,hanuman_rudra,1614,https://pbs.twimg.com/profile_images/1636387490239246338/mdZzSmJL_normal.jpg,,"RT @Shylaja_Sakura: As the evidence is clear, the murderer Fayaz should be hanged immediately

#JusticeForNeha  üò¢üò¢",Negative,73.96
80,1.78101E+18,"‡§á‡§∏ ‡§≤‡§°‡§º‡§ï‡•Ä ‡§ï‡§æ ‡§®‡§æ‡§Æ Neha ‡§π‡•à ‡§Ø‡•á ‡§Ö‡§¨ ‡§á‡§∏ ‡§¶‡•Å‡§®‡§ø‡§Ø‡§æ ‡§Æ‡•á‡§Ç ‡§®‡§π‡•Ä ‡§π‡•à ‡§Ü‡§ú ‡§á‡§∏‡§ï‡§æ Murder ‡§ï‡§∞ ‡§¶‡§ø‡§Ø‡§æ ‡§ó‡§Ø‡§æ ‡§á‡§∏‡§ï‡§æ ‡§ó‡•Å‡§®‡§æ‡§π ‡§¨‡§∏ ‡§á‡§§‡§®‡§æ ‡§π‡•à ‡§ï‡§ø ‡§á‡§∏‡§®‡•á  Proposal ‡§∞‡§ø‡§ú‡•á‡§ï‡•ç‡§ü ‡§ï‡§∞ ‡§¶‡§ø‡§Ø‡§æ 
‡§Ö‡§¨ ‡§Ü‡§™ ‡§¨‡§§‡§æ‡§ì ‡§â‡§∏ ‡§Ö‡§™‡§∞‡§æ‡§ß‡•Ä ‡§ï‡•ã ‡§ï‡•ç‡§Ø‡§æ ‡§∏‡§ú‡§æ ‡§Æ‡§ø‡§≤‡§®‡•Ä ‡§ö‡§æ‡§π‡§ø‡§è ? #Karnataka 
#JusticeForNeha https://t.co/gZ4gn9kX7X",2024-04-18 17:03:35+00:00,3,0,286,ImRohitDwi143,552,https://pbs.twimg.com/profile_images/1780673503416741892/qsEkC1en_normal.jpg,Bharat üáÆüá≥,"The name of this girl is Neha. She is no longer in this world. Today she was murdered. Her only crime is that she rejected the proposal.
Now tell me what punishment should that criminal receive? #Karnataka
#JusticeForNeha https://t.co/gZ4gn9kX7X",Negative,90.66
81,1.781E+18,"RT @sk_Jagannath: Congress corporator couldn't protect his daughter in Karnataka.
Save our sister from this Jihadi illiterate bastards 
#Ju‚Ä¶",2024-04-18 16:58:20+00:00,0,4,0,Eshwar_mamani,4,https://pbs.twimg.com/profile_images/1755809349384142848/jhvjsozu_normal.jpg,Karnataka,"RT @sk_Jagannath: Congress corporator couldn't protect his daughter in Karnataka.
Save our sister from this Jihadi illiterate bastards 
#Ju‚Ä¶",Negative,89.97
82,1.781E+18,"RT @vamsi1531: As the evidence is clear, the murderer Fayaz should be hanged immediately

#JusticeForNeha  üò¢üò¢",2024-04-18 16:51:30+00:00,0,2,0,SudheermTDP,61,https://pbs.twimg.com/profile_images/1539141927643250689/kogy8LT7_normal.jpg,"Orissa, India","RT @vamsi1531: As the evidence is clear, the murderer Fayaz should be hanged immediately

#JusticeForNeha  üò¢üò¢",Negative,76.74
83,1.781E+18,"#JusticeforNeha #hubli #LoveJihadInKarnataka #KarnatakaCongress #SaveKarnatakaSister
#Students ‡≤ï‡≥Ü.‡≤é‡≤≤‡≥ç.‡≤á ‡≤§‡≤æ‡≤Ç‡≤§‡≥ç‡≤∞‡≤ø‡≤ï ‡≤µ‡≤ø‡≤∂‡≥ç‡≤µ‡≤µ‡≤ø‡≤¶‡≥ç‡≤Ø‡≤æ‡≤≤‡≤Ø ‡≤π‡≥Å‡≤¨‡≥ç‡≤¨‡≤≥‡≥ç‡≤≥‡≤ø‡≤Ø MCA ‡≤µ‡≤ø‡≤¶‡≥ç‡≤Ø‡≤æ‡≤∞‡≥ç‡≤•‡≤ø‡≤®‡≤ø ‡≤®‡≥á‡≤π‡≤æ ‡≤π‡≤ø‡≤∞‡≥á‡≤Æ‡≤† ‡≤Ö‡≤µ‡≤∞‡≤®‡≥ç‡≤®‡≥Å ‡≤π‡≤§‡≥ç‡≤Ø‡≥Ü ‡≤Æ‡≤æ‡≤°‡≤ø‡≤∞‡≥Å‡≤µ ‡≤´‡≤Ø‡≤æ‡≤ú‡≥ç SHARE THIS INFORMATION TO OUR HINDI SISTERS üôè SAVE HINDU SISTERS FROM LOVEJIHAD üò°",2024-04-18 16:49:40+00:00,0,0,2,RAGHUGUTTEDAR77,33,https://pbs.twimg.com/profile_images/1684878931663695872/queaF3HH_normal.jpg,,"#JusticeforNeha #hubli #LoveJihadInKarnataka #KarnatakaCongress #SaveKarnatakaSister
#Students Fayaz who killed MCA student Neha Hiremath of KLE Technical University Hubballi SHARE THIS INFORMATION TO OUR HINDI SISTERS üôè SAVE HINDU SISTERS FROM LOVEJIHAD üò°",Positive,44.22
84,1.781E+18,"I appreciate you, for covering it 
#JusticeForNeha https://t.co/wWDCQPuaBX",2024-04-18 16:48:38+00:00,0,0,193,KALISIVAISHA,52,https://pbs.twimg.com/profile_images/1774448655371493376/OwAMBoAq_normal.jpg,Somewhere between 1's and 0's,"I appreciate you, for covering it 
#JusticeForNeha https://t.co/wWDCQPuaBX",Positive,97.28
85,1.781E+18,"RT @san15saarthu: @iamSudeepS Kole maadidane. Policeru hidididare. Nodona munde yen madthare antha. 
Sadhyakke ashte thaane maadoke aagodu.‚Ä¶",2024-04-18 16:48:31+00:00,0,3,0,SxUxRxYxA,145,https://pbs.twimg.com/profile_images/1773059411658891264/guI42js1_normal.jpg,üíõ‚ù§Ô∏è,"RT @san15saarthu: @iamSudeepS Kole maadidane. Policeru hidididare. Nodona munde yen madthare antha.
Sadhyakke ashte thaane maadoke aagodu.‚Ä¶",Negative,82.24
86,1.781E+18,"Congress corporator couldn't protect his daughter in Karnataka.
Save our sister from this Jihadi illiterate bastards 
#JusticeforNeha #hubli #LoveJihadInKarnataka #KarnatakaCongress #SaveKarnatakaSister
#Students https://t.co/7dVMPWdfEI",2024-04-18 16:47:23+00:00,5,4,662,sk_Jagannath,44,https://pbs.twimg.com/profile_images/1672103161514045440/MALFfJ-6_normal.jpg,"Karnataka, India","Congress corporator couldn't protect his daughter in Karnataka.
Save our sister from this Jihadi illiterate bastards 
#JusticeforNeha #hubli #LoveJihadInKarnataka #KarnatakaCongress #SaveKarnatakaSister
#Students https://t.co/7dVMPWdfEI",Negative,72.4
87,1.781E+18,"INTER-RELIGION MARRIAGE and CONVERTION SHOULD BE BANNED to maintain peace and prosperity in our country..
#MyPOV #Hubballi #Karnataka 
#JusticeForNeha üïØÔ∏è",2024-04-18 16:45:22+00:00,2,0,241,Anupamyadav1087,766,https://pbs.twimg.com/profile_images/1767326127276863488/cooA02DH_normal.jpg,"Delhi, India","INTER-RELIGION MARRIAGE and CONVERTION SHOULD BE BANNED to maintain peace and prosperity in our country..
#MyPOV #Hubballi #Karnataka 
#JusticeForNeha üïØÔ∏è",Positive,81.86
88,1.781E+18,"@iamSudeepS Kole maadidane. Policeru hidididare. Nodona munde yen madthare antha. 
Sadhyakke ashte thaane maadoke aagodu. 

Innondu sigthu hindu awnu muslim na kole maadirodu. 

Manasthithi change aagbeku janaraddu. 

Law n govt bari sikshe kadbahudu ashte bro. 

#JusticeForNeha",2024-04-18 16:43:42+00:00,13,3,465,san15saarthu,697,https://pbs.twimg.com/profile_images/1779719620498489344/Yhi6sBP__normal.jpg,India,"@iamSudeepS Kole maadidane. Policeru hidididare. Nodona munde yen madthare antha.
Sadhyakke ashte thaane maadoke aagodu.

Innondu sigthu hindu awnu muslim na kole maadirodu.

Manasthithi change aagbeku janaraddu.

Law n govt bari sikshe kadbahudu ashte bro.

#JusticeForNeha",Negative,72.28
89,1.781E+18,"RT @Shylaja_Sakura: As the evidence is clear, the murderer Fayaz should be hanged immediately

#JusticeForNeha  üò¢üò¢",2024-04-18 16:42:55+00:00,0,15,0,TDP_EVER,986,https://pbs.twimg.com/profile_images/1769055471921659904/6f7hmTBH_normal.jpg,Mars,"RT @Shylaja_Sakura: As the evidence is clear, the murderer Fayaz should be hanged immediately

#JusticeForNeha  üò¢üò¢",Negative,73.96
90,1.781E+18,"RT @Shylaja_Sakura: As the evidence is clear, the murderer Fayaz should be hanged immediately

#JusticeForNeha  üò¢üò¢",2024-04-18 16:39:13+00:00,0,15,0,DeepuTarak15,827,https://pbs.twimg.com/profile_images/1444137111490236417/2I6RXk7u_normal.jpg,mirzapur,"RT @Shylaja_Sakura: As the evidence is clear, the murderer Fayaz should be hanged immediately

#JusticeForNeha  üò¢üò¢",Negative,73.96
91,1.781E+18,"I support this irrespective of reasons he might give. 

#JusticeForNeha https://t.co/fL7hyxyr1N",2024-04-18 16:36:57+00:00,13,5,888,san15saarthu,697,https://pbs.twimg.com/profile_images/1779719620498489344/Yhi6sBP__normal.jpg,India,"I support this irrespective of reasons he might give. 

#JusticeForNeha https://t.co/fL7hyxyr1N",Positive,87.84
92,1.781E+18,"Muslim men Fayaz Brutally attacked On Neha.
#JusticeForNeha https://t.co/U5tcTaLNXB",2024-04-18 16:30:53+00:00,1,1,285,jhaagandharv,179,https://pbs.twimg.com/profile_images/1523032265864929280/KZ8T54kq_normal.jpg,"New Delhi, India","Muslim men Fayaz Brutally attacked On Neha.
#JusticeForNeha https://t.co/U5tcTaLNXB",Negative,81.13
93,1.781E+18,@erbmjha #JusticeForNeha,2024-04-18 16:29:37+00:00,1,0,708,jhaagandharv,179,https://pbs.twimg.com/profile_images/1523032265864929280/KZ8T54kq_normal.jpg,"New Delhi, India",@erbmjha #JusticeForNeha,Positive,47.09
94,1.781E+18,"üò¢üò¢üò¢

#JusticeForNeha https://t.co/gWBRKq5MDt",2024-04-18 16:23:30+00:00,1,0,282,Shylaja_Sakura,8260,https://pbs.twimg.com/profile_images/1779518455676588032/pzMfqJUB_normal.jpg,,"üò¢üò¢üò¢

#JusticeForNeha https://t.co/gWBRKq5MDt",Negative,54.61
95,1.781E+18,"RT @Shylaja_Sakura: As the evidence is clear, the murderer Fayaz should be hanged immediately

#JusticeForNeha  üò¢üò¢",2024-04-18 16:22:19+00:00,0,15,0,Satyavalluri4,2967,https://pbs.twimg.com/profile_images/1773007198702243840/DgSOAwz1_normal.jpg,India,"RT @Shylaja_Sakura: As the evidence is clear, the murderer Fayaz should be hanged immediately

#JusticeForNeha  üò¢üò¢",Negative,73.96
96,1.78099E+18,#justiceforneha https://t.co/U1ABv7BzVt,2024-04-18 16:17:23+00:00,0,0,139,RaghuNyk7,276,https://pbs.twimg.com/profile_images/1779030372833206272/uXXrXnG4_normal.jpg,Living in your mind rent free,#justiceforneha https://t.co/U1ABv7BzVt,Positive,45.52
97,1.78099E+18,"RT @Shylaja_Sakura: As the evidence is clear, the murderer Fayaz should be hanged immediately

#JusticeForNeha  üò¢üò¢",2024-04-18 16:06:42+00:00,0,15,0,AnanthaSudheer,298,https://pbs.twimg.com/profile_images/1402144907066712068/UBezohhT_normal.jpg,,"RT @Shylaja_Sakura: As the evidence is clear, the murderer Fayaz should be hanged immediately

#JusticeForNeha  üò¢üò¢",Negative,73.96
98,1.78099E+18,"Girl Stabbed To Death In College Campus üò≥
Love Jihad üò°
#BVB #Hubbali #JusticeForNeha
https://t.co/XiIP68f3P6",2024-04-18 16:05:21+00:00,0,1,1130,45Supporterr,1564,https://pbs.twimg.com/profile_images/1750512333951303680/dOh01EIL_normal.jpg,üáÆüá≥,"Girl Stabbed To Death In College Campus üò≥
Love Jihad üò°
#BVB #Hubbali #JusticeForNeha
https://t.co/XiIP68f3P6",Positive,56.17
99,1.78099E+18,"RT @Shylaja_Sakura: As the evidence is clear, the murderer Fayaz should be hanged immediately

#JusticeForNeha  üò¢üò¢",2024-04-18 16:05:01+00:00,0,15,0,HereForNothing_,3270,https://pbs.twimg.com/profile_images/1779497700007751681/Vomh-9Qm_normal.jpg,DeJao,"RT @Shylaja_Sakura: As the evidence is clear, the murderer Fayaz should be hanged immediately

#JusticeForNeha  üò¢üò¢",Negative,73.96
